number,name,img_link,type1,type2
No.001,이상해씨,https://data1.pokemonkorea.co.kr/newdata/pokedex/mid/000101.png,풀,독
No.002,이상해풀,https://data1.pokemonkorea.co.kr/newdata/pokedex/mid/000201.png,풀,독
No.003,이상해꽃,https://data1.pokemonkorea.co.kr/newdata/pokedex/mid/000301.png,풀,독
No.003,메가이상해꽃,https://data1.pokemonkorea.co.kr/newdata/pokedex/mid/000302.png,풀,독
No.003,이상해꽃,https://data1.pokemonkorea.co.kr/newdata/pokedex/mid/000303.png,풀,독
No.004,파이리,https://data1.pokemonkorea.co.kr/newdata/pokedex/mid/000401.png,불꽃,null
No.005,리자드,https://data1.pokemonkorea.co.kr/newdata/pokedex/mid/000501.png,불꽃,null
No.006,리자몽,https://data1.pokemonkorea.co.kr/newdata/pokedex/mid/000601.png,불꽃,비행
No.006,메가리자몽X,https://data1.pokemonkorea.co.kr/newdata/pokedex/mid/000602.png,불꽃,드래곤
No.006,메가리자몽Y,https://data1.pokemonkorea.co.kr/newdata/pokedex/mid/000603.png,불꽃,비행
No.006,리자몽,https://data1.pokemonkorea.co.kr/newdata/pokedex/mid/000604.png,불꽃,비행
No.007,꼬부기,https://data1.pokemonkorea.co.kr/newdata/pokedex/mid/000701.png,물,null
No.008,어니부기,https://data1.pokemonkorea.co.kr/newdata/pokedex/mid/000801.png,물,null
No.009,거북왕,https://data1.pokemonkorea.co.kr/newdata/pokedex/mid/000901.png,물,null
No.009,메가거북왕,https://data1.pokemonkorea.co.kr/newdata/pokedex/mid/000902.png,물,null
No.009,거북왕,https://data1.pokemonkorea.co.kr/newdata/pokedex/mid/000903.png,물,null
No.010,캐터피,https://data1.pokemonkorea.co.kr/newdata/pokedex/mid/001001.png,벌레,null
No.011,단데기,https://data1.pokemonkorea.co.kr/newdata/pokedex/mid/001101.png,벌레,null
No.012,버터플,https://data1.pokemonkorea.co.kr/newdata/pokedex/mid/001201.png,벌레,비행
No.012,버터플,https://data1.pokemonkorea.co.kr/newdata/pokedex/mid/001202.png,벌레,비행
No.013,뿔충이,https://data1.pokemonkorea.co.kr/newdata/pokedex/mid/001301.png,벌레,독
No.014,딱충이,https://data1.pokemonkorea.co.kr/newdata/pokedex/mid/001401.png,벌레,독
No.015,독침붕,https://data1.pokemonkorea.co.kr/newdata/pokedex/mid/001501.png,벌레,독
No.015,메가독침붕,https://data1.pokemonkorea.co.kr/newdata/pokedex/mid/001502.png,벌레,독
No.016,구구,https://data1.pokemonkorea.co.kr/newdata/pokedex/mid/001601.png,노말,비행
No.017,피죤,https://data1.pokemonkorea.co.kr/newdata/pokedex/mid/001701.png,노말,비행
No.018,피죤투,https://data1.pokemonkorea.co.kr/newdata/pokedex/mid/001801.png,노말,비행
No.018,메가피죤투,https://data1.pokemonkorea.co.kr/newdata/pokedex/mid/001802.png,노말,비행
No.019,꼬렛,https://data1.pokemonkorea.co.kr/newdata/pokedex/mid/001901.png,노말,null
No.019,꼬렛,https://data1.pokemonkorea.co.kr/newdata/pokedex/mid/001902.png,악,노말
No.020,레트라,https://data1.pokemonkorea.co.kr/newdata/pokedex/mid/002001.png,노말,null
No.020,레트라,https://data1.pokemonkorea.co.kr/newdata/pokedex/mid/002002.png,악,노말
No.021,깨비참,https://data1.pokemonkorea.co.kr/newdata/pokedex/mid/002101.png,노말,비행
No.022,깨비드릴조,https://data1.pokemonkorea.co.kr/newdata/pokedex/mid/002201.png,노말,비행
No.023,아보,https://data1.pokemonkorea.co.kr/newdata/pokedex/mid/002301.png,독,null
No.024,아보크,https://data1.pokemonkorea.co.kr/newdata/pokedex/mid/002401.png,독,null
No.025,피카츄,https://data1.pokemonkorea.co.kr/newdata/pokedex/mid/002501.png,전기,null
No.025,피카츄,https://data1.pokemonkorea.co.kr/newdata/pokedex/mid/002502.png,전기,null
No.026,라이츄,https://data1.pokemonkorea.co.kr/newdata/pokedex/mid/002601.png,전기,null
No.026,라이츄,https://data1.pokemonkorea.co.kr/newdata/pokedex/mid/002602.png,전기,에스퍼
No.027,모래두지,https://data1.pokemonkorea.co.kr/newdata/pokedex/mid/002701.png,땅,null
No.027,모래두지,https://data1.pokemonkorea.co.kr/newdata/pokedex/mid/002702.png,얼음,강철
No.028,고지,https://data1.pokemonkorea.co.kr/newdata/pokedex/mid/002801.png,땅,null
No.028,고지,https://data1.pokemonkorea.co.kr/newdata/pokedex/mid/002802.png,얼음,강철
No.029,니드런♀,https://data1.pokemonkorea.co.kr/newdata/pokedex/mid/002901.png,독,null
No.030,니드리나,https://data1.pokemonkorea.co.kr/newdata/pokedex/mid/003001.png,독,null
No.031,니드퀸,https://data1.pokemonkorea.co.kr/newdata/pokedex/mid/003101.png,독,땅
No.032,니드런♂,https://data1.pokemonkorea.co.kr/newdata/pokedex/mid/003201.png,독,null
No.033,니드리노,https://data1.pokemonkorea.co.kr/newdata/pokedex/mid/003301.png,독,null
No.034,니드킹,https://data1.pokemonkorea.co.kr/newdata/pokedex/mid/003401.png,독,땅
No.035,삐삐,https://data1.pokemonkorea.co.kr/newdata/pokedex/mid/003501.png,페어리,null
No.036,픽시,https://data1.pokemonkorea.co.kr/newdata/pokedex/mid/003601.png,페어리,null
No.037,식스테일,https://data1.pokemonkorea.co.kr/newdata/pokedex/mid/003701.png,불꽃,null
No.037,식스테일,https://data1.pokemonkorea.co.kr/newdata/pokedex/mid/003702.png,얼음,null
No.038,나인테일,https://data1.pokemonkorea.co.kr/newdata/pokedex/mid/003801.png,불꽃,null
No.038,나인테일,https://data1.pokemonkorea.co.kr/newdata/pokedex/mid/003802.png,얼음,페어리
No.039,푸린,https://data1.pokemonkorea.co.kr/newdata/pokedex/mid/003901.png,노말,페어리
No.040,푸크린,https://data1.pokemonkorea.co.kr/newdata/pokedex/mid/004001.png,노말,페어리
No.041,주뱃,https://data1.pokemonkorea.co.kr/newdata/pokedex/mid/004101.png,독,비행
No.042,골뱃,https://data1.pokemonkorea.co.kr/newdata/pokedex/mid/004201.png,독,비행
No.043,뚜벅쵸,https://data1.pokemonkorea.co.kr/newdata/pokedex/mid/004301.png,풀,독
No.044,냄새꼬,https://data1.pokemonkorea.co.kr/newdata/pokedex/mid/004401.png,풀,독
No.045,라플레시아,https://data1.pokemonkorea.co.kr/newdata/pokedex/mid/004501.png,풀,독
No.046,파라스,https://data1.pokemonkorea.co.kr/newdata/pokedex/mid/004601.png,벌레,풀
No.047,파라섹트,https://data1.pokemonkorea.co.kr/newdata/pokedex/mid/004701.png,벌레,풀
No.048,콘팡,https://data1.pokemonkorea.co.kr/newdata/pokedex/mid/004801.png,벌레,독
No.049,도나리,https://data1.pokemonkorea.co.kr/newdata/pokedex/mid/004901.png,벌레,독
No.050,디그다,https://data1.pokemonkorea.co.kr/newdata/pokedex/mid/005001.png,땅,null
No.050,디그다,https://data1.pokemonkorea.co.kr/newdata/pokedex/mid/005002.png,땅,강철
No.051,닥트리오,https://data1.pokemonkorea.co.kr/newdata/pokedex/mid/005101.png,땅,null
No.051,닥트리오,https://data1.pokemonkorea.co.kr/newdata/pokedex/mid/005102.png,땅,강철
No.052,나옹,https://data1.pokemonkorea.co.kr/newdata/pokedex/mid/005201.png,노말,null
No.052,나옹,https://data1.pokemonkorea.co.kr/newdata/pokedex/mid/005202.png,악,null
No.052,나옹,https://data1.pokemonkorea.co.kr/newdata/pokedex/mid/005203.png,강철,null
No.052,나옹,https://data1.pokemonkorea.co.kr/newdata/pokedex/mid/005204.png,노말,null
No.053,페르시온,https://data1.pokemonkorea.co.kr/newdata/pokedex/mid/005301.png,노말,null
No.053,페르시온,https://data1.pokemonkorea.co.kr/newdata/pokedex/mid/005302.png,악,null
No.054,고라파덕,https://data1.pokemonkorea.co.kr/newdata/pokedex/mid/005401.png,물,null
No.055,골덕,https://data1.pokemonkorea.co.kr/newdata/pokedex/mid/005501.png,물,null
No.056,망키,https://data1.pokemonkorea.co.kr/newdata/pokedex/mid/005601.png,격투,null
No.057,성원숭,https://data1.pokemonkorea.co.kr/newdata/pokedex/mid/005701.png,격투,null
No.058,가디,https://data1.pokemonkorea.co.kr/newdata/pokedex/mid/005801.png,불꽃,null
No.059,윈디,https://data1.pokemonkorea.co.kr/newdata/pokedex/mid/005901.png,불꽃,null
No.060,발챙이,https://data1.pokemonkorea.co.kr/newdata/pokedex/mid/006001.png,물,null
No.061,슈륙챙이,https://data1.pokemonkorea.co.kr/newdata/pokedex/mid/006101.png,물,null
No.062,강챙이,https://data1.pokemonkorea.co.kr/newdata/pokedex/mid/006201.png,물,격투
No.063,캐이시,https://data1.pokemonkorea.co.kr/newdata/pokedex/mid/006301.png,에스퍼,null
No.064,윤겔라,https://data1.pokemonkorea.co.kr/newdata/pokedex/mid/006401.png,에스퍼,null
No.065,후딘,https://data1.pokemonkorea.co.kr/newdata/pokedex/mid/006501.png,에스퍼,null
No.065,메가후딘,https://data1.pokemonkorea.co.kr/newdata/pokedex/mid/006502.png,에스퍼,null
No.066,알통몬,https://data1.pokemonkorea.co.kr/newdata/pokedex/mid/006601.png,격투,null
No.067,근육몬,https://data1.pokemonkorea.co.kr/newdata/pokedex/mid/006701.png,격투,null
No.068,괴력몬,https://data1.pokemonkorea.co.kr/newdata/pokedex/mid/006801.png,격투,null
No.068,괴력몬,https://data1.pokemonkorea.co.kr/newdata/pokedex/mid/006802.png,격투,null
No.069,모다피,https://data1.pokemonkorea.co.kr/newdata/pokedex/mid/006901.png,풀,독
No.070,우츠동,https://data1.pokemonkorea.co.kr/newdata/pokedex/mid/007001.png,풀,독
No.071,우츠보트,https://data1.pokemonkorea.co.kr/newdata/pokedex/mid/007101.png,풀,독
No.072,왕눈해,https://data1.pokemonkorea.co.kr/newdata/pokedex/mid/007201.png,물,독
No.073,독파리,https://data1.pokemonkorea.co.kr/newdata/pokedex/mid/007301.png,물,독
No.074,꼬마돌,https://data1.pokemonkorea.co.kr/newdata/pokedex/mid/007401.png,바위,땅
No.074,꼬마돌,https://data1.pokemonkorea.co.kr/newdata/pokedex/mid/007402.png,바위,전기
No.075,데구리,https://data1.pokemonkorea.co.kr/newdata/pokedex/mid/007501.png,바위,땅
No.075,데구리,https://data1.pokemonkorea.co.kr/newdata/pokedex/mid/007502.png,바위,전기
No.076,딱구리,https://data1.pokemonkorea.co.kr/newdata/pokedex/mid/007601.png,바위,땅
No.076,딱구리,https://data1.pokemonkorea.co.kr/newdata/pokedex/mid/007602.png,바위,전기
No.077,포니타,https://data1.pokemonkorea.co.kr/newdata/pokedex/mid/007701.png,불꽃,null
No.077,포니타,https://data1.pokemonkorea.co.kr/newdata/pokedex/mid/007702.png,에스퍼,null
No.078,날쌩마,https://data1.pokemonkorea.co.kr/newdata/pokedex/mid/007801.png,불꽃,null
No.078,날쌩마,https://data1.pokemonkorea.co.kr/newdata/pokedex/mid/007802.png,에스퍼,페어리
No.079,야돈,https://data1.pokemonkorea.co.kr/newdata/pokedex/mid/007901.png,물,에스퍼
No.079,야돈,https://data1.pokemonkorea.co.kr/newdata/pokedex/mid/007902.png,에스퍼,null
No.080,야도란,https://data1.pokemonkorea.co.kr/newdata/pokedex/mid/008001.png,물,에스퍼
No.080,야도란,https://data1.pokemonkorea.co.kr/newdata/pokedex/mid/008002.png,독,에스퍼
No.080,메가야도란,https://data1.pokemonkorea.co.kr/newdata/pokedex/mid/008003.png,물,에스퍼
No.081,코일,https://data1.pokemonkorea.co.kr/newdata/pokedex/mid/008101.png,전기,강철
No.082,레어코일,https://data1.pokemonkorea.co.kr/newdata/pokedex/mid/008201.png,전기,강철
No.083,파오리,https://data1.pokemonkorea.co.kr/newdata/pokedex/mid/008301.png,노말,비행
No.083,파오리,https://data1.pokemonkorea.co.kr/newdata/pokedex/mid/008302.png,격투,null
No.084,두두,https://data1.pokemonkorea.co.kr/newdata/pokedex/mid/008401.png,노말,비행
No.085,두트리오,https://data1.pokemonkorea.co.kr/newdata/pokedex/mid/008501.png,노말,비행
No.086,쥬쥬,https://data1.pokemonkorea.co.kr/newdata/pokedex/mid/008601.png,물,null
No.087,쥬레곤,https://data1.pokemonkorea.co.kr/newdata/pokedex/mid/008701.png,물,얼음
No.088,질퍽이,https://data1.pokemonkorea.co.kr/newdata/pokedex/mid/008801.png,독,null
No.088,질퍽이,https://data1.pokemonkorea.co.kr/newdata/pokedex/mid/008802.png,독,악
No.089,질뻐기,https://data1.pokemonkorea.co.kr/newdata/pokedex/mid/008901.png,독,null
No.089,질뻐기,https://data1.pokemonkorea.co.kr/newdata/pokedex/mid/008902.png,독,악
No.090,셀러,https://data1.pokemonkorea.co.kr/newdata/pokedex/mid/009001.png,물,null
No.091,파르셀,https://data1.pokemonkorea.co.kr/newdata/pokedex/mid/009101.png,물,얼음
No.092,고오스,https://data1.pokemonkorea.co.kr/newdata/pokedex/mid/009201.png,고스트,독
No.093,고우스트,https://data1.pokemonkorea.co.kr/newdata/pokedex/mid/009301.png,고스트,독
No.094,팬텀,https://data1.pokemonkorea.co.kr/newdata/pokedex/mid/009401.png,고스트,독
No.094,메가팬텀,https://data1.pokemonkorea.co.kr/newdata/pokedex/mid/009402.png,고스트,독
No.094,팬텀,https://data1.pokemonkorea.co.kr/newdata/pokedex/mid/009403.png,고스트,독
No.095,롱스톤,https://data1.pokemonkorea.co.kr/newdata/pokedex/mid/009501.png,바위,땅
No.096,슬리프,https://data1.pokemonkorea.co.kr/newdata/pokedex/mid/009601.png,에스퍼,null
No.097,슬리퍼,https://data1.pokemonkorea.co.kr/newdata/pokedex/mid/009701.png,에스퍼,null
No.098,크랩,https://data1.pokemonkorea.co.kr/newdata/pokedex/mid/009801.png,물,null
No.099,킹크랩,https://data1.pokemonkorea.co.kr/newdata/pokedex/mid/009901.png,물,null
No.099,킹크랩,https://data1.pokemonkorea.co.kr/newdata/pokedex/mid/009902.png,물,null
No.100,찌리리공,https://data1.pokemonkorea.co.kr/newdata/pokedex/mid/010001.png,전기,null
No.101,붐볼,https://data1.pokemonkorea.co.kr/newdata/pokedex/mid/010101.png,전기,null
No.102,아라리,https://data1.pokemonkorea.co.kr/newdata/pokedex/mid/010201.png,풀,에스퍼
No.103,나시,https://data1.pokemonkorea.co.kr/newdata/pokedex/mid/010301.png,풀,에스퍼
No.103,나시,https://data1.pokemonkorea.co.kr/newdata/pokedex/mid/010302.png,풀,드래곤
No.104,탕구리,https://data1.pokemonkorea.co.kr/newdata/pokedex/mid/010401.png,땅,null
No.105,텅구리,https://data1.pokemonkorea.co.kr/newdata/pokedex/mid/010501.png,땅,null
No.105,텅구리,https://data1.pokemonkorea.co.kr/newdata/pokedex/mid/010502.png,불꽃,고스트
No.106,시라소몬,https://data1.pokemonkorea.co.kr/newdata/pokedex/mid/010601.png,격투,null
No.107,홍수몬,https://data1.pokemonkorea.co.kr/newdata/pokedex/mid/010701.png,격투,null
No.108,내루미,https://data1.pokemonkorea.co.kr/newdata/pokedex/mid/010801.png,노말,null
No.109,또가스,https://data1.pokemonkorea.co.kr/newdata/pokedex/mid/010901.png,독,null
No.110,또도가스,https://data1.pokemonkorea.co.kr/newdata/pokedex/mid/011001.png,독,null
No.110,또도가스,https://data1.pokemonkorea.co.kr/newdata/pokedex/mid/011002.png,독,페어리
No.111,뿔카노,https://data1.pokemonkorea.co.kr/newdata/pokedex/mid/011101.png,땅,바위
No.112,코뿌리,https://data1.pokemonkorea.co.kr/newdata/pokedex/mid/011201.png,땅,바위
No.113,럭키,https://data1.pokemonkorea.co.kr/newdata/pokedex/mid/011301.png,노말,null
No.114,덩쿠리,https://data1.pokemonkorea.co.kr/newdata/pokedex/mid/011401.png,풀,null
No.115,캥카,https://data1.pokemonkorea.co.kr/newdata/pokedex/mid/011501.png,노말,null
No.115,메가캥카,https://data1.pokemonkorea.co.kr/newdata/pokedex/mid/011502.png,노말,null
No.116,쏘드라,https://data1.pokemonkorea.co.kr/newdata/pokedex/mid/011601.png,물,null
No.117,시드라,https://data1.pokemonkorea.co.kr/newdata/pokedex/mid/011701.png,물,null
No.118,콘치,https://data1.pokemonkorea.co.kr/newdata/pokedex/mid/011801.png,물,null
No.119,왕콘치,https://data1.pokemonkorea.co.kr/newdata/pokedex/mid/011901.png,물,null
No.120,별가사리,https://data1.pokemonkorea.co.kr/newdata/pokedex/mid/012001.png,물,null
No.121,아쿠스타,https://data1.pokemonkorea.co.kr/newdata/pokedex/mid/012101.png,물,에스퍼
No.122,마임맨,https://data1.pokemonkorea.co.kr/newdata/pokedex/mid/012201.png,에스퍼,페어리
No.122,마임맨,https://data1.pokemonkorea.co.kr/newdata/pokedex/mid/012202.png,얼음,에스퍼
No.123,스라크,https://data1.pokemonkorea.co.kr/newdata/pokedex/mid/012301.png,벌레,비행
No.124,루주라,https://data1.pokemonkorea.co.kr/newdata/pokedex/mid/012401.png,얼음,에스퍼
No.125,에레브,https://data1.pokemonkorea.co.kr/newdata/pokedex/mid/012501.png,전기,null
No.126,마그마,https://data1.pokemonkorea.co.kr/newdata/pokedex/mid/012601.png,불꽃,null
No.127,쁘사이저,https://data1.pokemonkorea.co.kr/newdata/pokedex/mid/012701.png,벌레,null
No.127,메가쁘사이저,https://data1.pokemonkorea.co.kr/newdata/pokedex/mid/012702.png,벌레,비행
No.128,켄타로스,https://data1.pokemonkorea.co.kr/newdata/pokedex/mid/012801.png,노말,null
No.129,잉어킹,https://data1.pokemonkorea.co.kr/newdata/pokedex/mid/012901.png,물,null
No.130,갸라도스,https://data1.pokemonkorea.co.kr/newdata/pokedex/mid/013001.png,물,비행
No.130,메가갸라도스,https://data1.pokemonkorea.co.kr/newdata/pokedex/mid/013002.png,물,악
No.131,라프라스,https://data1.pokemonkorea.co.kr/newdata/pokedex/mid/013103.png,물,얼음
No.131,라프라스,https://data1.pokemonkorea.co.kr/newdata/pokedex/mid/013104.png,물,얼음
No.132,메타몽,https://data1.pokemonkorea.co.kr/newdata/pokedex/mid/013201.png,노말,null
No.133,이브이,https://data1.pokemonkorea.co.kr/newdata/pokedex/mid/013301.png,노말,null
No.133,이브이,https://data1.pokemonkorea.co.kr/newdata/pokedex/mid/013302.png,노말,null
No.134,샤미드,https://data1.pokemonkorea.co.kr/newdata/pokedex/mid/013401.png,물,null
No.135,쥬피썬더,https://data1.pokemonkorea.co.kr/newdata/pokedex/mid/013501.png,전기,null
No.136,부스터,https://data1.pokemonkorea.co.kr/newdata/pokedex/mid/013601.png,불꽃,null
No.137,폴리곤,https://data1.pokemonkorea.co.kr/newdata/pokedex/mid/013701.png,노말,null
No.138,암나이트,https://data1.pokemonkorea.co.kr/newdata/pokedex/mid/013801.png,바위,물
No.139,암스타,https://data1.pokemonkorea.co.kr/newdata/pokedex/mid/013901.png,바위,물
No.140,투구,https://data1.pokemonkorea.co.kr/newdata/pokedex/mid/014001.png,바위,물
No.141,투구푸스,https://data1.pokemonkorea.co.kr/newdata/pokedex/mid/014101.png,바위,물
No.142,프테라,https://data1.pokemonkorea.co.kr/newdata/pokedex/mid/014201.png,바위,비행
No.142,메가프테라,https://data1.pokemonkorea.co.kr/newdata/pokedex/mid/014202.png,바위,비행
No.143,잠만보,https://data1.pokemonkorea.co.kr/newdata/pokedex/mid/014301.png,노말,null
No.143,잠만보,https://data1.pokemonkorea.co.kr/newdata/pokedex/mid/014302.png,노말,null
No.144,프리져,https://data1.pokemonkorea.co.kr/newdata/pokedex/mid/014401.png,얼음,비행
No.144,프리져,https://data1.pokemonkorea.co.kr/newdata/pokedex/mid/014402.png,에스퍼,비행
No.145,썬더,https://data1.pokemonkorea.co.kr/newdata/pokedex/mid/014501.png,전기,비행
No.145,썬더,https://data1.pokemonkorea.co.kr/newdata/pokedex/mid/014502.png,격투,비행
No.146,파이어,https://data1.pokemonkorea.co.kr/newdata/pokedex/mid/014601.png,불꽃,비행
No.146,파이어,https://data1.pokemonkorea.co.kr/newdata/pokedex/mid/014602.png,악,비행
No.147,미뇽,https://data1.pokemonkorea.co.kr/newdata/pokedex/mid/014701.png,드래곤,null
No.148,신뇽,https://data1.pokemonkorea.co.kr/newdata/pokedex/mid/014801.png,드래곤,null
No.149,망나뇽,https://data1.pokemonkorea.co.kr/newdata/pokedex/mid/014901.png,드래곤,비행
No.150,뮤츠,https://data1.pokemonkorea.co.kr/newdata/pokedex/mid/015001.png,에스퍼,null
No.150,메가뮤츠X,https://data1.pokemonkorea.co.kr/newdata/pokedex/mid/015002.png,에스퍼,격투
No.150,메가뮤츠Y,https://data1.pokemonkorea.co.kr/newdata/pokedex/mid/015003.png,에스퍼,null
No.151,뮤,https://data1.pokemonkorea.co.kr/newdata/pokedex/mid/015101.png,에스퍼,null
No.152,치코리타,https://data1.pokemonkorea.co.kr/newdata/pokedex/mid/015201.png,풀,null
No.153,베이리프,https://data1.pokemonkorea.co.kr/newdata/pokedex/mid/015301.png,풀,null
No.154,메가니움,https://data1.pokemonkorea.co.kr/newdata/pokedex/mid/015401.png,풀,null
No.155,브케인,https://data1.pokemonkorea.co.kr/newdata/pokedex/mid/015501.png,불꽃,null
No.156,마그케인,https://data1.pokemonkorea.co.kr/newdata/pokedex/mid/015601.png,불꽃,null
No.157,블레이범,https://data1.pokemonkorea.co.kr/newdata/pokedex/mid/015701.png,불꽃,null
No.158,리아코,https://data1.pokemonkorea.co.kr/newdata/pokedex/mid/015801.png,물,null
No.159,엘리게이,https://data1.pokemonkorea.co.kr/newdata/pokedex/mid/015901.png,물,null
No.160,장크로다일,https://data1.pokemonkorea.co.kr/newdata/pokedex/mid/016001.png,물,null
No.161,꼬리선,https://data1.pokemonkorea.co.kr/newdata/pokedex/mid/016101.png,노말,null
No.162,다꼬리,https://data1.pokemonkorea.co.kr/newdata/pokedex/mid/016201.png,노말,null
No.163,부우부,https://data1.pokemonkorea.co.kr/newdata/pokedex/mid/016301.png,노말,비행
No.164,야부엉,https://data1.pokemonkorea.co.kr/newdata/pokedex/mid/016401.png,노말,비행
No.165,레디바,https://data1.pokemonkorea.co.kr/newdata/pokedex/mid/016501.png,벌레,비행
No.166,레디안,https://data1.pokemonkorea.co.kr/newdata/pokedex/mid/016601.png,벌레,비행
No.167,페이검,https://data1.pokemonkorea.co.kr/newdata/pokedex/mid/016701.png,벌레,독
No.168,아리아도스,https://data1.pokemonkorea.co.kr/newdata/pokedex/mid/016801.png,벌레,독
No.169,크로뱃,https://data1.pokemonkorea.co.kr/newdata/pokedex/mid/016901.png,독,비행
No.170,초라기,https://data1.pokemonkorea.co.kr/newdata/pokedex/mid/017001.png,물,전기
No.171,랜턴,https://data1.pokemonkorea.co.kr/newdata/pokedex/mid/017101.png,물,전기
No.172,피츄,https://data1.pokemonkorea.co.kr/newdata/pokedex/mid/017201.png,전기,null
No.173,삐,https://data1.pokemonkorea.co.kr/newdata/pokedex/mid/017301.png,페어리,null
No.174,푸푸린,https://data1.pokemonkorea.co.kr/newdata/pokedex/mid/017401.png,노말,페어리
No.175,토게피,https://data1.pokemonkorea.co.kr/newdata/pokedex/mid/017501.png,페어리,null
No.176,토게틱,https://data1.pokemonkorea.co.kr/newdata/pokedex/mid/017601.png,페어리,비행
No.177,네이티,https://data1.pokemonkorea.co.kr/newdata/pokedex/mid/017701.png,에스퍼,비행
No.178,네이티오,https://data1.pokemonkorea.co.kr/newdata/pokedex/mid/017801.png,에스퍼,비행
No.179,메리프,https://data1.pokemonkorea.co.kr/newdata/pokedex/mid/017901.png,전기,null
No.180,보송송,https://data1.pokemonkorea.co.kr/newdata/pokedex/mid/018001.png,전기,null
No.181,전룡,https://data1.pokemonkorea.co.kr/newdata/pokedex/mid/018101.png,전기,null
No.181,메가전룡,https://data1.pokemonkorea.co.kr/newdata/pokedex/mid/018102.png,전기,드래곤
No.182,아르코,https://data1.pokemonkorea.co.kr/newdata/pokedex/mid/018201.png,풀,null
No.183,마릴,https://data1.pokemonkorea.co.kr/newdata/pokedex/mid/018301.png,물,페어리
No.184,마릴리,https://data1.pokemonkorea.co.kr/newdata/pokedex/mid/018401.png,물,페어리
No.185,꼬지모,https://data1.pokemonkorea.co.kr/newdata/pokedex/mid/018501.png,바위,null
No.186,왕구리,https://data1.pokemonkorea.co.kr/newdata/pokedex/mid/018601.png,물,null
No.187,통통코,https://data1.pokemonkorea.co.kr/newdata/pokedex/mid/018701.png,풀,비행
No.188,두코,https://data1.pokemonkorea.co.kr/newdata/pokedex/mid/018801.png,풀,비행
No.189,솜솜코,https://data1.pokemonkorea.co.kr/newdata/pokedex/mid/018901.png,풀,비행
No.190,에이팜,https://data1.pokemonkorea.co.kr/newdata/pokedex/mid/019001.png,노말,null
No.191,해너츠,https://data1.pokemonkorea.co.kr/newdata/pokedex/mid/019101.png,풀,null
No.192,해루미,https://data1.pokemonkorea.co.kr/newdata/pokedex/mid/019201.png,풀,null
No.193,왕자리,https://data1.pokemonkorea.co.kr/newdata/pokedex/mid/019301.png,벌레,비행
No.194,우파,https://data1.pokemonkorea.co.kr/newdata/pokedex/mid/019401.png,물,땅
No.195,누오,https://data1.pokemonkorea.co.kr/newdata/pokedex/mid/019501.png,물,땅
No.196,에브이,https://data1.pokemonkorea.co.kr/newdata/pokedex/mid/019601.png,에스퍼,null
No.197,블래키,https://data1.pokemonkorea.co.kr/newdata/pokedex/mid/019701.png,악,null
No.198,니로우,https://data1.pokemonkorea.co.kr/newdata/pokedex/mid/019801.png,악,비행
No.199,야도킹,https://data1.pokemonkorea.co.kr/newdata/pokedex/mid/019901.png,물,에스퍼
No.199,야도킹,https://data1.pokemonkorea.co.kr/newdata/pokedex/mid/019902.png,독,에스퍼
No.200,무우마,https://data1.pokemonkorea.co.kr/newdata/pokedex/mid/020001.png,고스트,null
No.201,안농,https://data1.pokemonkorea.co.kr/newdata/pokedex/mid/020101.png,에스퍼,null
No.202,마자용,https://data1.pokemonkorea.co.kr/newdata/pokedex/mid/020201.png,에스퍼,null
No.203,키링키,https://data1.pokemonkorea.co.kr/newdata/pokedex/mid/020301.png,노말,에스퍼
No.204,피콘,https://data1.pokemonkorea.co.kr/newdata/pokedex/mid/020401.png,벌레,null
No.205,쏘콘,https://data1.pokemonkorea.co.kr/newdata/pokedex/mid/020501.png,벌레,강철
No.206,노고치,https://data1.pokemonkorea.co.kr/newdata/pokedex/mid/020601.png,노말,null
No.207,글라이거,https://data1.pokemonkorea.co.kr/newdata/pokedex/mid/020701.png,땅,비행
No.208,강철톤,https://data1.pokemonkorea.co.kr/newdata/pokedex/mid/020801.png,강철,땅
No.208,메가강철톤,https://data1.pokemonkorea.co.kr/newdata/pokedex/mid/020802.png,강철,땅
No.209,블루,https://data1.pokemonkorea.co.kr/newdata/pokedex/mid/020901.png,페어리,null
No.210,그랑블루,https://data1.pokemonkorea.co.kr/newdata/pokedex/mid/021001.png,페어리,null
No.211,침바루,https://data1.pokemonkorea.co.kr/newdata/pokedex/mid/021101.png,물,독
No.212,핫삼,https://data1.pokemonkorea.co.kr/newdata/pokedex/mid/021201.png,벌레,강철
No.212,메가핫삼,https://data1.pokemonkorea.co.kr/newdata/pokedex/mid/021202.png,벌레,강철
No.213,단단지,https://data1.pokemonkorea.co.kr/newdata/pokedex/mid/021301.png,벌레,바위
No.214,헤라크로스,https://data1.pokemonkorea.co.kr/newdata/pokedex/mid/021401.png,벌레,격투
No.214,메가헤라크로스,https://data1.pokemonkorea.co.kr/newdata/pokedex/mid/021402.png,벌레,격투
No.215,포푸니,https://data1.pokemonkorea.co.kr/newdata/pokedex/mid/021501.png,악,얼음
No.216,깜지곰,https://data1.pokemonkorea.co.kr/newdata/pokedex/mid/021601.png,노말,null
No.217,링곰,https://data1.pokemonkorea.co.kr/newdata/pokedex/mid/021701.png,노말,null
No.218,마그마그,https://data1.pokemonkorea.co.kr/newdata/pokedex/mid/021801.png,불꽃,null
No.219,마그카르고,https://data1.pokemonkorea.co.kr/newdata/pokedex/mid/021901.png,불꽃,바위
No.220,꾸꾸리,https://data1.pokemonkorea.co.kr/newdata/pokedex/mid/022001.png,얼음,땅
No.221,메꾸리,https://data1.pokemonkorea.co.kr/newdata/pokedex/mid/022101.png,얼음,땅
No.222,코산호,https://data1.pokemonkorea.co.kr/newdata/pokedex/mid/022201.png,물,바위
No.222,코산호,https://data1.pokemonkorea.co.kr/newdata/pokedex/mid/022202.png,고스트,null
No.223,총어,https://data1.pokemonkorea.co.kr/newdata/pokedex/mid/022301.png,물,null
No.224,대포무노,https://data1.pokemonkorea.co.kr/newdata/pokedex/mid/022401.png,물,null
No.225,딜리버드,https://data1.pokemonkorea.co.kr/newdata/pokedex/mid/022501.png,얼음,비행
No.226,만타인,https://data1.pokemonkorea.co.kr/newdata/pokedex/mid/022601.png,물,비행
No.227,무장조,https://data1.pokemonkorea.co.kr/newdata/pokedex/mid/022701.png,강철,비행
No.228,델빌,https://data1.pokemonkorea.co.kr/newdata/pokedex/mid/022801.png,악,불꽃
No.229,헬가,https://data1.pokemonkorea.co.kr/newdata/pokedex/mid/022901.png,악,불꽃
No.229,메가헬가,https://data1.pokemonkorea.co.kr/newdata/pokedex/mid/022902.png,악,불꽃
No.230,킹드라,https://data1.pokemonkorea.co.kr/newdata/pokedex/mid/023001.png,물,드래곤
No.231,코코리,https://data1.pokemonkorea.co.kr/newdata/pokedex/mid/023101.png,땅,null
No.232,코리갑,https://data1.pokemonkorea.co.kr/newdata/pokedex/mid/023201.png,땅,null
No.233,폴리곤2,https://data1.pokemonkorea.co.kr/newdata/pokedex/mid/023301.png,노말,null
No.234,노라키,https://data1.pokemonkorea.co.kr/newdata/pokedex/mid/023401.png,노말,null
No.235,루브도,https://data1.pokemonkorea.co.kr/newdata/pokedex/mid/023501.png,노말,null
No.236,배루키,https://data1.pokemonkorea.co.kr/newdata/pokedex/mid/023601.png,격투,null
No.237,카포에라,https://data1.pokemonkorea.co.kr/newdata/pokedex/mid/023701.png,격투,null
No.238,뽀뽀라,https://data1.pokemonkorea.co.kr/newdata/pokedex/mid/023801.png,얼음,에스퍼
No.239,에레키드,https://data1.pokemonkorea.co.kr/newdata/pokedex/mid/023901.png,전기,null
No.240,마그비,https://data1.pokemonkorea.co.kr/newdata/pokedex/mid/024001.png,불꽃,null
No.241,밀탱크,https://data1.pokemonkorea.co.kr/newdata/pokedex/mid/024101.png,노말,null
No.242,해피너스,https://data1.pokemonkorea.co.kr/newdata/pokedex/mid/024201.png,노말,null
No.243,라이코,https://data1.pokemonkorea.co.kr/newdata/pokedex/mid/024301.png,전기,null
No.244,앤테이,https://data1.pokemonkorea.co.kr/newdata/pokedex/mid/024401.png,불꽃,null
No.245,스이쿤,https://data1.pokemonkorea.co.kr/newdata/pokedex/mid/024501.png,물,null
No.246,애버라스,https://data1.pokemonkorea.co.kr/newdata/pokedex/mid/024601.png,바위,땅
No.247,데기라스,https://data1.pokemonkorea.co.kr/newdata/pokedex/mid/024701.png,바위,땅
No.248,마기라스,https://data1.pokemonkorea.co.kr/newdata/pokedex/mid/024801.png,바위,악
No.248,메가마기라스,https://data1.pokemonkorea.co.kr/newdata/pokedex/mid/024802.png,바위,악
No.249,루기아,https://data1.pokemonkorea.co.kr/newdata/pokedex/mid/024901.png,에스퍼,비행
No.250,칠색조,https://data1.pokemonkorea.co.kr/newdata/pokedex/mid/025001.png,불꽃,비행
No.251,세레비,https://data1.pokemonkorea.co.kr/newdata/pokedex/mid/025101.png,에스퍼,풀
No.252,나무지기,https://data1.pokemonkorea.co.kr/newdata/pokedex/mid/025201.png,풀,null
No.253,나무돌이,https://data1.pokemonkorea.co.kr/newdata/pokedex/mid/025301.png,풀,null
No.254,나무킹,https://data1.pokemonkorea.co.kr/newdata/pokedex/mid/025401.png,풀,null
No.254,메가나무킹,https://data1.pokemonkorea.co.kr/newdata/pokedex/mid/025402.png,풀,드래곤
No.255,아차모,https://data1.pokemonkorea.co.kr/newdata/pokedex/mid/025501.png,불꽃,null
No.256,영치코,https://data1.pokemonkorea.co.kr/newdata/pokedex/mid/025601.png,불꽃,격투
No.257,번치코,https://data1.pokemonkorea.co.kr/newdata/pokedex/mid/025701.png,불꽃,격투
No.257,메가번치코,https://data1.pokemonkorea.co.kr/newdata/pokedex/mid/025702.png,불꽃,격투
No.258,물짱이,https://data1.pokemonkorea.co.kr/newdata/pokedex/mid/025801.png,물,null
No.259,늪짱이,https://data1.pokemonkorea.co.kr/newdata/pokedex/mid/025901.png,물,땅
No.260,대짱이,https://data1.pokemonkorea.co.kr/newdata/pokedex/mid/026001.png,물,땅
No.260,메가대짱이,https://data1.pokemonkorea.co.kr/newdata/pokedex/mid/026002.png,물,땅
No.261,포챠나,https://data1.pokemonkorea.co.kr/newdata/pokedex/mid/026101.png,악,null
No.262,그라에나,https://data1.pokemonkorea.co.kr/newdata/pokedex/mid/026201.png,악,null
No.263,지그제구리,https://data1.pokemonkorea.co.kr/newdata/pokedex/mid/026301.png,노말,null
No.263,지그제구리,https://data1.pokemonkorea.co.kr/newdata/pokedex/mid/026302.png,악,노말
No.264,직구리,https://data1.pokemonkorea.co.kr/newdata/pokedex/mid/026401.png,노말,null
No.264,직구리,https://data1.pokemonkorea.co.kr/newdata/pokedex/mid/026402.png,악,노말
No.265,개무소,https://data1.pokemonkorea.co.kr/newdata/pokedex/mid/026501.png,벌레,null
No.266,실쿤,https://data1.pokemonkorea.co.kr/newdata/pokedex/mid/026601.png,벌레,null
No.267,뷰티플라이,https://data1.pokemonkorea.co.kr/newdata/pokedex/mid/026701.png,벌레,비행
No.268,카스쿤,https://data1.pokemonkorea.co.kr/newdata/pokedex/mid/026801.png,벌레,null
No.269,독케일,https://data1.pokemonkorea.co.kr/newdata/pokedex/mid/026901.png,벌레,독
No.270,연꽃몬,https://data1.pokemonkorea.co.kr/newdata/pokedex/mid/027001.png,물,풀
No.271,로토스,https://data1.pokemonkorea.co.kr/newdata/pokedex/mid/027101.png,물,풀
No.272,로파파,https://data1.pokemonkorea.co.kr/newdata/pokedex/mid/027201.png,물,풀
No.273,도토링,https://data1.pokemonkorea.co.kr/newdata/pokedex/mid/027301.png,풀,null
No.274,잎새코,https://data1.pokemonkorea.co.kr/newdata/pokedex/mid/027401.png,풀,악
No.275,다탱구,https://data1.pokemonkorea.co.kr/newdata/pokedex/mid/027501.png,풀,악
No.276,테일로,https://data1.pokemonkorea.co.kr/newdata/pokedex/mid/027601.png,노말,비행
No.277,스왈로,https://data1.pokemonkorea.co.kr/newdata/pokedex/mid/027701.png,노말,비행
No.278,갈모매,https://data1.pokemonkorea.co.kr/newdata/pokedex/mid/027801.png,물,비행
No.279,패리퍼,https://data1.pokemonkorea.co.kr/newdata/pokedex/mid/027901.png,물,비행
No.280,랄토스,https://data1.pokemonkorea.co.kr/newdata/pokedex/mid/028001.png,에스퍼,페어리
No.281,킬리아,https://data1.pokemonkorea.co.kr/newdata/pokedex/mid/028101.png,에스퍼,페어리
No.282,가디안,https://data1.pokemonkorea.co.kr/newdata/pokedex/mid/028201.png,에스퍼,페어리
No.282,메가가디안,https://data1.pokemonkorea.co.kr/newdata/pokedex/mid/028202.png,에스퍼,페어리
No.283,비구술,https://data1.pokemonkorea.co.kr/newdata/pokedex/mid/028301.png,벌레,물
No.284,비나방,https://data1.pokemonkorea.co.kr/newdata/pokedex/mid/028401.png,벌레,비행
No.285,버섯꼬,https://data1.pokemonkorea.co.kr/newdata/pokedex/mid/028501.png,풀,null
No.286,버섯모,https://data1.pokemonkorea.co.kr/newdata/pokedex/mid/028601.png,풀,격투
No.287,게을로,https://data1.pokemonkorea.co.kr/newdata/pokedex/mid/028701.png,노말,null
No.288,발바로,https://data1.pokemonkorea.co.kr/newdata/pokedex/mid/028801.png,노말,null
No.289,게을킹,https://data1.pokemonkorea.co.kr/newdata/pokedex/mid/028901.png,노말,null
No.290,토중몬,https://data1.pokemonkorea.co.kr/newdata/pokedex/mid/029001.png,벌레,땅
No.291,아이스크,https://data1.pokemonkorea.co.kr/newdata/pokedex/mid/029101.png,벌레,비행
No.292,껍질몬,https://data1.pokemonkorea.co.kr/newdata/pokedex/mid/029201.png,벌레,고스트
No.293,소곤룡,https://data1.pokemonkorea.co.kr/newdata/pokedex/mid/029301.png,노말,null
No.294,노공룡,https://data1.pokemonkorea.co.kr/newdata/pokedex/mid/029401.png,노말,null
No.295,폭음룡,https://data1.pokemonkorea.co.kr/newdata/pokedex/mid/029501.png,노말,null
No.296,마크탕,https://data1.pokemonkorea.co.kr/newdata/pokedex/mid/029601.png,격투,null
No.297,하리뭉,https://data1.pokemonkorea.co.kr/newdata/pokedex/mid/029701.png,격투,null
No.298,루리리,https://data1.pokemonkorea.co.kr/newdata/pokedex/mid/029801.png,노말,페어리
No.299,코코파스,https://data1.pokemonkorea.co.kr/newdata/pokedex/mid/029901.png,바위,null
No.300,에나비,https://data1.pokemonkorea.co.kr/newdata/pokedex/mid/030001.png,노말,null
No.301,델케티,https://data1.pokemonkorea.co.kr/newdata/pokedex/mid/030101.png,노말,null
No.302,깜까미,https://data1.pokemonkorea.co.kr/newdata/pokedex/mid/030201.png,악,고스트
No.302,메가깜까미,https://data1.pokemonkorea.co.kr/newdata/pokedex/mid/030202.png,악,고스트
No.303,입치트,https://data1.pokemonkorea.co.kr/newdata/pokedex/mid/030301.png,강철,페어리
No.303,메가입치트,https://data1.pokemonkorea.co.kr/newdata/pokedex/mid/030302.png,강철,페어리
No.304,가보리,https://data1.pokemonkorea.co.kr/newdata/pokedex/mid/030401.png,강철,바위
No.305,갱도라,https://data1.pokemonkorea.co.kr/newdata/pokedex/mid/030501.png,강철,바위
No.306,보스로라,https://data1.pokemonkorea.co.kr/newdata/pokedex/mid/030601.png,강철,바위
No.306,메가보스로라,https://data1.pokemonkorea.co.kr/newdata/pokedex/mid/030602.png,강철,null
No.307,요가랑,https://data1.pokemonkorea.co.kr/newdata/pokedex/mid/030701.png,격투,에스퍼
No.308,요가램,https://data1.pokemonkorea.co.kr/newdata/pokedex/mid/030801.png,격투,에스퍼
No.308,메가요가램,https://data1.pokemonkorea.co.kr/newdata/pokedex/mid/030802.png,격투,에스퍼
No.309,썬더라이,https://data1.pokemonkorea.co.kr/newdata/pokedex/mid/030901.png,전기,null
No.310,썬더볼트,https://data1.pokemonkorea.co.kr/newdata/pokedex/mid/031001.png,전기,null
No.310,메가썬더볼트,https://data1.pokemonkorea.co.kr/newdata/pokedex/mid/031002.png,전기,null
No.311,플러시,https://data1.pokemonkorea.co.kr/newdata/pokedex/mid/031101.png,전기,null
No.312,마이농,https://data1.pokemonkorea.co.kr/newdata/pokedex/mid/031201.png,전기,null
No.313,볼비트,https://data1.pokemonkorea.co.kr/newdata/pokedex/mid/031301.png,벌레,null
No.314,네오비트,https://data1.pokemonkorea.co.kr/newdata/pokedex/mid/031401.png,벌레,null
No.315,로젤리아,https://data1.pokemonkorea.co.kr/newdata/pokedex/mid/031501.png,풀,독
No.316,꼴깍몬,https://data1.pokemonkorea.co.kr/newdata/pokedex/mid/031601.png,독,null
No.317,꿀꺽몬,https://data1.pokemonkorea.co.kr/newdata/pokedex/mid/031701.png,독,null
No.318,샤프니아,https://data1.pokemonkorea.co.kr/newdata/pokedex/mid/031801.png,물,악
No.319,샤크니아,https://data1.pokemonkorea.co.kr/newdata/pokedex/mid/031901.png,물,악
No.319,메가샤크니아,https://data1.pokemonkorea.co.kr/newdata/pokedex/mid/031902.png,물,악
No.320,고래왕자,https://data1.pokemonkorea.co.kr/newdata/pokedex/mid/032001.png,물,null
No.321,고래왕,https://data1.pokemonkorea.co.kr/newdata/pokedex/mid/032101.png,물,null
No.322,둔타,https://data1.pokemonkorea.co.kr/newdata/pokedex/mid/032201.png,불꽃,땅
No.323,폭타,https://data1.pokemonkorea.co.kr/newdata/pokedex/mid/032301.png,불꽃,땅
No.323,메가폭타,https://data1.pokemonkorea.co.kr/newdata/pokedex/mid/032302.png,불꽃,땅
No.324,코터스,https://data1.pokemonkorea.co.kr/newdata/pokedex/mid/032401.png,불꽃,null
No.325,피그점프,https://data1.pokemonkorea.co.kr/newdata/pokedex/mid/032501.png,에스퍼,null
No.326,피그킹,https://data1.pokemonkorea.co.kr/newdata/pokedex/mid/032601.png,에스퍼,null
No.327,얼루기,https://data1.pokemonkorea.co.kr/newdata/pokedex/mid/032701.png,노말,null
No.328,톱치,https://data1.pokemonkorea.co.kr/newdata/pokedex/mid/032801.png,땅,null
No.329,비브라바,https://data1.pokemonkorea.co.kr/newdata/pokedex/mid/032901.png,땅,드래곤
No.330,플라이곤,https://data1.pokemonkorea.co.kr/newdata/pokedex/mid/033001.png,땅,드래곤
No.331,선인왕,https://data1.pokemonkorea.co.kr/newdata/pokedex/mid/033101.png,풀,null
No.332,밤선인,https://data1.pokemonkorea.co.kr/newdata/pokedex/mid/033201.png,풀,악
No.333,파비코,https://data1.pokemonkorea.co.kr/newdata/pokedex/mid/033301.png,노말,비행
No.334,파비코리,https://data1.pokemonkorea.co.kr/newdata/pokedex/mid/033401.png,드래곤,비행
No.334,메가파비코리,https://data1.pokemonkorea.co.kr/newdata/pokedex/mid/033402.png,드래곤,페어리
No.335,쟝고,https://data1.pokemonkorea.co.kr/newdata/pokedex/mid/033501.png,노말,null
No.336,세비퍼,https://data1.pokemonkorea.co.kr/newdata/pokedex/mid/033601.png,독,null
No.337,루나톤,https://data1.pokemonkorea.co.kr/newdata/pokedex/mid/033701.png,바위,에스퍼
No.338,솔록,https://data1.pokemonkorea.co.kr/newdata/pokedex/mid/033801.png,바위,에스퍼
No.339,미꾸리,https://data1.pokemonkorea.co.kr/newdata/pokedex/mid/033901.png,물,땅
No.340,메깅,https://data1.pokemonkorea.co.kr/newdata/pokedex/mid/034001.png,물,땅
No.341,가재군,https://data1.pokemonkorea.co.kr/newdata/pokedex/mid/034101.png,물,null
No.342,가재장군,https://data1.pokemonkorea.co.kr/newdata/pokedex/mid/034201.png,물,악
No.343,오뚝군,https://data1.pokemonkorea.co.kr/newdata/pokedex/mid/034301.png,땅,에스퍼
No.344,점토도리,https://data1.pokemonkorea.co.kr/newdata/pokedex/mid/034401.png,땅,에스퍼
No.345,릴링,https://data1.pokemonkorea.co.kr/newdata/pokedex/mid/034501.png,바위,풀
No.346,릴리요,https://data1.pokemonkorea.co.kr/newdata/pokedex/mid/034601.png,바위,풀
No.347,아노딥스,https://data1.pokemonkorea.co.kr/newdata/pokedex/mid/034701.png,바위,벌레
No.348,아말도,https://data1.pokemonkorea.co.kr/newdata/pokedex/mid/034801.png,바위,벌레
No.349,빈티나,https://data1.pokemonkorea.co.kr/newdata/pokedex/mid/034901.png,물,null
No.350,밀로틱,https://data1.pokemonkorea.co.kr/newdata/pokedex/mid/035001.png,물,null
No.351,캐스퐁,https://data1.pokemonkorea.co.kr/newdata/pokedex/mid/035101.png,노말,null
No.352,켈리몬,https://data1.pokemonkorea.co.kr/newdata/pokedex/mid/035201.png,노말,null
No.353,어둠대신,https://data1.pokemonkorea.co.kr/newdata/pokedex/mid/035301.png,고스트,null
No.354,다크펫,https://data1.pokemonkorea.co.kr/newdata/pokedex/mid/035401.png,고스트,null
No.354,메가다크펫,https://data1.pokemonkorea.co.kr/newdata/pokedex/mid/035402.png,고스트,null
No.355,해골몽,https://data1.pokemonkorea.co.kr/newdata/pokedex/mid/035501.png,고스트,null
No.356,미라몽,https://data1.pokemonkorea.co.kr/newdata/pokedex/mid/035601.png,고스트,null
No.357,트로피우스,https://data1.pokemonkorea.co.kr/newdata/pokedex/mid/035701.png,풀,비행
No.358,치렁,https://data1.pokemonkorea.co.kr/newdata/pokedex/mid/035801.png,에스퍼,null
No.359,앱솔,https://data1.pokemonkorea.co.kr/newdata/pokedex/mid/035901.png,악,null
No.359,메가앱솔,https://data1.pokemonkorea.co.kr/newdata/pokedex/mid/035902.png,악,null
No.360,마자,https://data1.pokemonkorea.co.kr/newdata/pokedex/mid/036001.png,에스퍼,null
No.361,눈꼬마,https://data1.pokemonkorea.co.kr/newdata/pokedex/mid/036101.png,얼음,null
No.362,얼음귀신,https://data1.pokemonkorea.co.kr/newdata/pokedex/mid/036201.png,얼음,null
No.362,메가얼음귀신,https://data1.pokemonkorea.co.kr/newdata/pokedex/mid/036202.png,얼음,null
No.363,대굴레오,https://data1.pokemonkorea.co.kr/newdata/pokedex/mid/036301.png,얼음,물
No.364,씨레오,https://data1.pokemonkorea.co.kr/newdata/pokedex/mid/036401.png,얼음,물
No.365,씨카이저,https://data1.pokemonkorea.co.kr/newdata/pokedex/mid/036501.png,얼음,물
No.366,진주몽,https://data1.pokemonkorea.co.kr/newdata/pokedex/mid/036601.png,물,null
No.367,헌테일,https://data1.pokemonkorea.co.kr/newdata/pokedex/mid/036701.png,물,null
No.368,분홍장이,https://data1.pokemonkorea.co.kr/newdata/pokedex/mid/036801.png,물,null
No.369,시라칸,https://data1.pokemonkorea.co.kr/newdata/pokedex/mid/036901.png,물,바위
No.370,사랑동이,https://data1.pokemonkorea.co.kr/newdata/pokedex/mid/037001.png,물,null
No.371,아공이,https://data1.pokemonkorea.co.kr/newdata/pokedex/mid/037101.png,드래곤,null
No.372,쉘곤,https://data1.pokemonkorea.co.kr/newdata/pokedex/mid/037201.png,드래곤,null
No.373,보만다,https://data1.pokemonkorea.co.kr/newdata/pokedex/mid/037301.png,드래곤,비행
No.373,메가보만다,https://data1.pokemonkorea.co.kr/newdata/pokedex/mid/037302.png,드래곤,비행
No.374,메탕,https://data1.pokemonkorea.co.kr/newdata/pokedex/mid/037401.png,강철,에스퍼
No.375,메탕구,https://data1.pokemonkorea.co.kr/newdata/pokedex/mid/037501.png,강철,에스퍼
No.376,메타그로스,https://data1.pokemonkorea.co.kr/newdata/pokedex/mid/037601.png,강철,에스퍼
No.376,메가메타그로스,https://data1.pokemonkorea.co.kr/newdata/pokedex/mid/037602.png,강철,에스퍼
No.377,레지락,https://data1.pokemonkorea.co.kr/newdata/pokedex/mid/037701.png,바위,null
No.378,레지아이스,https://data1.pokemonkorea.co.kr/newdata/pokedex/mid/037801.png,얼음,null
No.379,레지스틸,https://data1.pokemonkorea.co.kr/newdata/pokedex/mid/037901.png,강철,null
No.380,라티아스,https://data1.pokemonkorea.co.kr/newdata/pokedex/mid/038001.png,드래곤,에스퍼
No.380,메가라티아스,https://data1.pokemonkorea.co.kr/newdata/pokedex/mid/038002.png,드래곤,에스퍼
No.381,라티오스,https://data1.pokemonkorea.co.kr/newdata/pokedex/mid/038101.png,드래곤,에스퍼
No.381,메가라티오스,https://data1.pokemonkorea.co.kr/newdata/pokedex/mid/038102.png,드래곤,에스퍼
No.382,가이오가,https://data1.pokemonkorea.co.kr/newdata/pokedex/mid/038201.png,물,null
No.382,원시가이오가,https://data1.pokemonkorea.co.kr/newdata/pokedex/mid/038202.png,물,null
No.383,그란돈,https://data1.pokemonkorea.co.kr/newdata/pokedex/mid/038301.png,땅,null
No.383,원시그란돈,https://data1.pokemonkorea.co.kr/newdata/pokedex/mid/038302.png,땅,불꽃
No.384,레쿠쟈,https://data1.pokemonkorea.co.kr/newdata/pokedex/mid/038401.png,드래곤,비행
No.384,메가레쿠쟈,https://data1.pokemonkorea.co.kr/newdata/pokedex/mid/038402.png,드래곤,비행
No.385,지라치,https://data1.pokemonkorea.co.kr/newdata/pokedex/mid/038501.png,강철,에스퍼
No.386,테오키스,https://data1.pokemonkorea.co.kr/newdata/pokedex/mid/038601.png,에스퍼,null
No.386,테오키스,https://data1.pokemonkorea.co.kr/newdata/pokedex/mid/038602.png,에스퍼,null
No.386,테오키스,https://data1.pokemonkorea.co.kr/newdata/pokedex/mid/038603.png,에스퍼,null
No.386,테오키스,https://data1.pokemonkorea.co.kr/newdata/pokedex/mid/038604.png,에스퍼,null
No.387,모부기,https://data1.pokemonkorea.co.kr/newdata/pokedex/mid/038701.png,풀,null
No.388,수풀부기,https://data1.pokemonkorea.co.kr/newdata/pokedex/mid/038801.png,풀,null
No.389,토대부기,https://data1.pokemonkorea.co.kr/newdata/pokedex/mid/038901.png,풀,땅
No.390,불꽃숭이,https://data1.pokemonkorea.co.kr/newdata/pokedex/mid/039001.png,불꽃,null
No.391,파이숭이,https://data1.pokemonkorea.co.kr/newdata/pokedex/mid/039101.png,불꽃,격투
No.392,초염몽,https://data1.pokemonkorea.co.kr/newdata/pokedex/mid/039201.png,불꽃,격투
No.393,팽도리,https://data1.pokemonkorea.co.kr/newdata/pokedex/mid/039301.png,물,null
No.394,팽태자,https://data1.pokemonkorea.co.kr/newdata/pokedex/mid/039401.png,물,null
No.395,엠페르트,https://data1.pokemonkorea.co.kr/newdata/pokedex/mid/039501.png,물,강철
No.396,찌르꼬,https://data1.pokemonkorea.co.kr/newdata/pokedex/mid/039601.png,노말,비행
No.397,찌르버드,https://data1.pokemonkorea.co.kr/newdata/pokedex/mid/039701.png,노말,비행
No.398,찌르호크,https://data1.pokemonkorea.co.kr/newdata/pokedex/mid/039801.png,노말,비행
No.399,비버니,https://data1.pokemonkorea.co.kr/newdata/pokedex/mid/039901.png,노말,null
No.400,비버통,https://data1.pokemonkorea.co.kr/newdata/pokedex/mid/040001.png,노말,물
No.401,귀뚤뚜기,https://data1.pokemonkorea.co.kr/newdata/pokedex/mid/040101.png,벌레,null
No.402,귀뚤톡크,https://data1.pokemonkorea.co.kr/newdata/pokedex/mid/040201.png,벌레,null
No.403,꼬링크,https://data1.pokemonkorea.co.kr/newdata/pokedex/mid/040301.png,전기,null
No.404,럭시오,https://data1.pokemonkorea.co.kr/newdata/pokedex/mid/040401.png,전기,null
No.405,렌트라,https://data1.pokemonkorea.co.kr/newdata/pokedex/mid/040501.png,전기,null
No.406,꼬몽울,https://data1.pokemonkorea.co.kr/newdata/pokedex/mid/040601.png,풀,독
No.407,로즈레이드,https://data1.pokemonkorea.co.kr/newdata/pokedex/mid/040701.png,풀,독
No.408,두개도스,https://data1.pokemonkorea.co.kr/newdata/pokedex/mid/040801.png,바위,null
No.409,램펄드,https://data1.pokemonkorea.co.kr/newdata/pokedex/mid/040901.png,바위,null
No.410,방패톱스,https://data1.pokemonkorea.co.kr/newdata/pokedex/mid/041001.png,바위,강철
No.411,바리톱스,https://data1.pokemonkorea.co.kr/newdata/pokedex/mid/041101.png,바위,강철
No.412,도롱충이,https://data1.pokemonkorea.co.kr/newdata/pokedex/mid/041201.png,벌레,null
No.412,도롱충이,https://data1.pokemonkorea.co.kr/newdata/pokedex/mid/041202.png,벌레,null
No.412,도롱충이,https://data1.pokemonkorea.co.kr/newdata/pokedex/mid/041203.png,벌레,null
No.413,도롱마담,https://data1.pokemonkorea.co.kr/newdata/pokedex/mid/041301.png,벌레,풀
No.413,도롱마담,https://data1.pokemonkorea.co.kr/newdata/pokedex/mid/041302.png,벌레,땅
No.413,도롱마담,https://data1.pokemonkorea.co.kr/newdata/pokedex/mid/041303.png,벌레,강철
No.414,나메일,https://data1.pokemonkorea.co.kr/newdata/pokedex/mid/041401.png,벌레,비행
No.415,세꿀버리,https://data1.pokemonkorea.co.kr/newdata/pokedex/mid/041501.png,벌레,비행
No.416,비퀸,https://data1.pokemonkorea.co.kr/newdata/pokedex/mid/041601.png,벌레,비행
No.417,파치리스,https://data1.pokemonkorea.co.kr/newdata/pokedex/mid/041701.png,전기,null
No.418,브이젤,https://data1.pokemonkorea.co.kr/newdata/pokedex/mid/041801.png,물,null
No.419,플로젤,https://data1.pokemonkorea.co.kr/newdata/pokedex/mid/041901.png,물,null
No.420,체리버,https://data1.pokemonkorea.co.kr/newdata/pokedex/mid/042001.png,풀,null
No.421,체리꼬,https://data1.pokemonkorea.co.kr/newdata/pokedex/mid/042101.png,풀,null
No.421,체리꼬,https://data1.pokemonkorea.co.kr/newdata/pokedex/mid/042102.png,풀,null
No.422,깝질무,https://data1.pokemonkorea.co.kr/newdata/pokedex/mid/042201.png,물,null
No.422,깝질무,https://data1.pokemonkorea.co.kr/newdata/pokedex/mid/042202.png,물,null
No.423,트리토돈,https://data1.pokemonkorea.co.kr/newdata/pokedex/mid/042301.png,물,땅
No.423,트리토돈,https://data1.pokemonkorea.co.kr/newdata/pokedex/mid/042302.png,물,땅
No.424,겟핸보숭,https://data1.pokemonkorea.co.kr/newdata/pokedex/mid/042401.png,노말,null
No.425,흔들풍손,https://data1.pokemonkorea.co.kr/newdata/pokedex/mid/042501.png,고스트,비행
No.426,둥실라이드,https://data1.pokemonkorea.co.kr/newdata/pokedex/mid/042601.png,고스트,비행
No.427,이어롤,https://data1.pokemonkorea.co.kr/newdata/pokedex/mid/042701.png,노말,null
No.428,이어롭,https://data1.pokemonkorea.co.kr/newdata/pokedex/mid/042801.png,노말,null
No.428,메가이어롭,https://data1.pokemonkorea.co.kr/newdata/pokedex/mid/042802.png,노말,격투
No.429,무우마직,https://data1.pokemonkorea.co.kr/newdata/pokedex/mid/042901.png,고스트,null
No.430,돈크로우,https://data1.pokemonkorea.co.kr/newdata/pokedex/mid/043001.png,악,비행
No.431,나옹마,https://data1.pokemonkorea.co.kr/newdata/pokedex/mid/043101.png,노말,null
No.432,몬냥이,https://data1.pokemonkorea.co.kr/newdata/pokedex/mid/043201.png,노말,null
No.433,랑딸랑,https://data1.pokemonkorea.co.kr/newdata/pokedex/mid/043301.png,에스퍼,null
No.434,스컹뿡,https://data1.pokemonkorea.co.kr/newdata/pokedex/mid/043401.png,독,악
No.435,스컹탱크,https://data1.pokemonkorea.co.kr/newdata/pokedex/mid/043501.png,독,악
No.436,동미러,https://data1.pokemonkorea.co.kr/newdata/pokedex/mid/043601.png,강철,에스퍼
No.437,동탁군,https://data1.pokemonkorea.co.kr/newdata/pokedex/mid/043701.png,강철,에스퍼
No.438,꼬지지,https://data1.pokemonkorea.co.kr/newdata/pokedex/mid/043801.png,바위,null
No.439,흉내내,https://data1.pokemonkorea.co.kr/newdata/pokedex/mid/043901.png,에스퍼,페어리
No.440,핑복,https://data1.pokemonkorea.co.kr/newdata/pokedex/mid/044001.png,노말,null
No.441,페라페,https://data1.pokemonkorea.co.kr/newdata/pokedex/mid/044101.png,노말,비행
No.442,화강돌,https://data1.pokemonkorea.co.kr/newdata/pokedex/mid/044201.png,고스트,악
No.443,딥상어동,https://data1.pokemonkorea.co.kr/newdata/pokedex/mid/044301.png,드래곤,땅
No.444,한바이트,https://data1.pokemonkorea.co.kr/newdata/pokedex/mid/044401.png,드래곤,땅
No.445,한카리아스,https://data1.pokemonkorea.co.kr/newdata/pokedex/mid/044501.png,드래곤,땅
No.445,메가한카리아스,https://data1.pokemonkorea.co.kr/newdata/pokedex/mid/044502.png,드래곤,땅
No.446,먹고자,https://data1.pokemonkorea.co.kr/newdata/pokedex/mid/044601.png,노말,null
No.447,리오르,https://data1.pokemonkorea.co.kr/newdata/pokedex/mid/044701.png,격투,null
No.448,루카리오,https://data1.pokemonkorea.co.kr/newdata/pokedex/mid/044801.png,격투,강철
No.448,메가루카리오,https://data1.pokemonkorea.co.kr/newdata/pokedex/mid/044802.png,격투,강철
No.449,히포포타스,https://data1.pokemonkorea.co.kr/newdata/pokedex/mid/044901.png,땅,null
No.450,하마돈,https://data1.pokemonkorea.co.kr/newdata/pokedex/mid/045001.png,땅,null
No.451,스콜피,https://data1.pokemonkorea.co.kr/newdata/pokedex/mid/045101.png,독,벌레
No.452,드래피온,https://data1.pokemonkorea.co.kr/newdata/pokedex/mid/045201.png,독,악
No.453,삐딱구리,https://data1.pokemonkorea.co.kr/newdata/pokedex/mid/045301.png,독,격투
No.454,독개굴,https://data1.pokemonkorea.co.kr/newdata/pokedex/mid/045401.png,독,격투
No.455,무스틈니,https://data1.pokemonkorea.co.kr/newdata/pokedex/mid/045501.png,풀,null
No.456,형광어,https://data1.pokemonkorea.co.kr/newdata/pokedex/mid/045601.png,물,null
No.457,네오라이트,https://data1.pokemonkorea.co.kr/newdata/pokedex/mid/045701.png,물,null
No.458,타만타,https://data1.pokemonkorea.co.kr/newdata/pokedex/mid/045801.png,물,비행
No.459,눈쓰개,https://data1.pokemonkorea.co.kr/newdata/pokedex/mid/045901.png,풀,얼음
No.460,눈설왕,https://data1.pokemonkorea.co.kr/newdata/pokedex/mid/046001.png,풀,얼음
No.460,메가눈설왕,https://data1.pokemonkorea.co.kr/newdata/pokedex/mid/046002.png,풀,얼음
No.461,포푸니라,https://data1.pokemonkorea.co.kr/newdata/pokedex/mid/046101.png,악,얼음
No.462,자포코일,https://data1.pokemonkorea.co.kr/newdata/pokedex/mid/046201.png,전기,강철
No.463,내룸벨트,https://data1.pokemonkorea.co.kr/newdata/pokedex/mid/046301.png,노말,null
No.464,거대코뿌리,https://data1.pokemonkorea.co.kr/newdata/pokedex/mid/046401.png,땅,바위
No.465,덩쿠림보,https://data1.pokemonkorea.co.kr/newdata/pokedex/mid/046501.png,풀,null
No.466,에레키블,https://data1.pokemonkorea.co.kr/newdata/pokedex/mid/046601.png,전기,null
No.467,마그마번,https://data1.pokemonkorea.co.kr/newdata/pokedex/mid/046701.png,불꽃,null
No.468,토게키스,https://data1.pokemonkorea.co.kr/newdata/pokedex/mid/046801.png,페어리,비행
No.469,메가자리,https://data1.pokemonkorea.co.kr/newdata/pokedex/mid/046901.png,벌레,비행
No.470,리피아,https://data1.pokemonkorea.co.kr/newdata/pokedex/mid/047001.png,풀,null
No.471,글레이시아,https://data1.pokemonkorea.co.kr/newdata/pokedex/mid/047101.png,얼음,null
No.472,글라이온,https://data1.pokemonkorea.co.kr/newdata/pokedex/mid/047201.png,땅,비행
No.473,맘모꾸리,https://data1.pokemonkorea.co.kr/newdata/pokedex/mid/047301.png,얼음,땅
No.474,폴리곤Z,https://data1.pokemonkorea.co.kr/newdata/pokedex/mid/047401.png,노말,null
No.475,엘레이드,https://data1.pokemonkorea.co.kr/newdata/pokedex/mid/047501.png,에스퍼,격투
No.475,메가엘레이드,https://data1.pokemonkorea.co.kr/newdata/pokedex/mid/047502.png,에스퍼,격투
No.476,대코파스,https://data1.pokemonkorea.co.kr/newdata/pokedex/mid/047601.png,바위,강철
No.477,야느와르몽,https://data1.pokemonkorea.co.kr/newdata/pokedex/mid/047701.png,고스트,null
No.478,눈여아,https://data1.pokemonkorea.co.kr/newdata/pokedex/mid/047801.png,얼음,고스트
No.479,로토무,https://data1.pokemonkorea.co.kr/newdata/pokedex/mid/047901.png,전기,고스트
No.479,로토무,https://data1.pokemonkorea.co.kr/newdata/pokedex/mid/047902.png,전기,불꽃
No.479,로토무,https://data1.pokemonkorea.co.kr/newdata/pokedex/mid/047903.png,전기,물
No.479,로토무,https://data1.pokemonkorea.co.kr/newdata/pokedex/mid/047904.png,전기,얼음
No.479,로토무,https://data1.pokemonkorea.co.kr/newdata/pokedex/mid/047905.png,전기,비행
No.479,로토무,https://data1.pokemonkorea.co.kr/newdata/pokedex/mid/047906.png,전기,풀
No.480,유크시,https://data1.pokemonkorea.co.kr/newdata/pokedex/mid/048001.png,에스퍼,null
No.481,엠라이트,https://data1.pokemonkorea.co.kr/newdata/pokedex/mid/048101.png,에스퍼,null
No.482,아그놈,https://data1.pokemonkorea.co.kr/newdata/pokedex/mid/048201.png,에스퍼,null
No.483,디아루가,https://data1.pokemonkorea.co.kr/newdata/pokedex/mid/048301.png,강철,드래곤
No.484,펄기아,https://data1.pokemonkorea.co.kr/newdata/pokedex/mid/048401.png,물,드래곤
No.485,히드런,https://data1.pokemonkorea.co.kr/newdata/pokedex/mid/048501.png,불꽃,강철
No.486,레지기가스,https://data1.pokemonkorea.co.kr/newdata/pokedex/mid/048601.png,노말,null
No.487,기라티나,https://data1.pokemonkorea.co.kr/newdata/pokedex/mid/048701.png,고스트,드래곤
No.487,기라티나,https://data1.pokemonkorea.co.kr/newdata/pokedex/mid/048702.png,고스트,드래곤
No.488,크레세리아,https://data1.pokemonkorea.co.kr/newdata/pokedex/mid/048801.png,에스퍼,null
No.489,피오네,https://data1.pokemonkorea.co.kr/newdata/pokedex/mid/048901.png,물,null
No.490,마나피,https://data1.pokemonkorea.co.kr/newdata/pokedex/mid/049001.png,물,null
No.491,다크라이,https://data1.pokemonkorea.co.kr/newdata/pokedex/mid/049101.png,악,null
No.492,쉐이미,https://data1.pokemonkorea.co.kr/newdata/pokedex/mid/049201.png,풀,null
No.492,쉐이미,https://data1.pokemonkorea.co.kr/newdata/pokedex/mid/049202.png,풀,비행
No.493,아르세우스,https://data1.pokemonkorea.co.kr/newdata/pokedex/mid/049301.png,노말,null
No.494,비크티니,https://data1.pokemonkorea.co.kr/newdata/pokedex/mid/049401.png,에스퍼,불꽃
No.495,주리비얀,https://data1.pokemonkorea.co.kr/newdata/pokedex/mid/049501.png,풀,null
No.496,샤비,https://data1.pokemonkorea.co.kr/newdata/pokedex/mid/049601.png,풀,null
No.497,샤로다,https://data1.pokemonkorea.co.kr/newdata/pokedex/mid/049701.png,풀,null
No.498,뚜꾸리,https://data1.pokemonkorea.co.kr/newdata/pokedex/mid/049801.png,불꽃,null
No.499,차오꿀,https://data1.pokemonkorea.co.kr/newdata/pokedex/mid/049901.png,불꽃,격투
No.500,염무왕,https://data1.pokemonkorea.co.kr/newdata/pokedex/mid/050001.png,불꽃,격투
No.501,수댕이,https://data1.pokemonkorea.co.kr/newdata/pokedex/mid/050101.png,물,null
No.502,쌍검자비,https://data1.pokemonkorea.co.kr/newdata/pokedex/mid/050201.png,물,null
No.503,대검귀,https://data1.pokemonkorea.co.kr/newdata/pokedex/mid/050301.png,물,null
No.504,보르쥐,https://data1.pokemonkorea.co.kr/newdata/pokedex/mid/050401.png,노말,null
No.505,보르그,https://data1.pokemonkorea.co.kr/newdata/pokedex/mid/050501.png,노말,null
No.506,요테리,https://data1.pokemonkorea.co.kr/newdata/pokedex/mid/050601.png,노말,null
No.507,하데리어,https://data1.pokemonkorea.co.kr/newdata/pokedex/mid/050701.png,노말,null
No.508,바랜드,https://data1.pokemonkorea.co.kr/newdata/pokedex/mid/050801.png,노말,null
No.509,쌔비냥,https://data1.pokemonkorea.co.kr/newdata/pokedex/mid/050901.png,악,null
No.510,레파르다스,https://data1.pokemonkorea.co.kr/newdata/pokedex/mid/051001.png,악,null
No.511,야나프,https://data1.pokemonkorea.co.kr/newdata/pokedex/mid/051101.png,풀,null
No.512,야나키,https://data1.pokemonkorea.co.kr/newdata/pokedex/mid/051201.png,풀,null
No.513,바오프,https://data1.pokemonkorea.co.kr/newdata/pokedex/mid/051301.png,불꽃,null
No.514,바오키,https://data1.pokemonkorea.co.kr/newdata/pokedex/mid/051401.png,불꽃,null
No.515,앗차프,https://data1.pokemonkorea.co.kr/newdata/pokedex/mid/051501.png,물,null
No.516,앗차키,https://data1.pokemonkorea.co.kr/newdata/pokedex/mid/051601.png,물,null
No.517,몽나,https://data1.pokemonkorea.co.kr/newdata/pokedex/mid/051701.png,에스퍼,null
No.518,몽얌나,https://data1.pokemonkorea.co.kr/newdata/pokedex/mid/051801.png,에스퍼,null
No.519,콩둘기,https://data1.pokemonkorea.co.kr/newdata/pokedex/mid/051901.png,노말,비행
No.520,유토브,https://data1.pokemonkorea.co.kr/newdata/pokedex/mid/052001.png,노말,비행
No.521,켄호로우,https://data1.pokemonkorea.co.kr/newdata/pokedex/mid/052101.png,노말,비행
No.521,켄호로우,https://data1.pokemonkorea.co.kr/newdata/pokedex/mid/052102.png,노말,비행
No.522,줄뮤마,https://data1.pokemonkorea.co.kr/newdata/pokedex/mid/052201.png,전기,null
No.523,제브라이카,https://data1.pokemonkorea.co.kr/newdata/pokedex/mid/052301.png,전기,null
No.524,단굴,https://data1.pokemonkorea.co.kr/newdata/pokedex/mid/052401.png,바위,null
No.525,암트르,https://data1.pokemonkorea.co.kr/newdata/pokedex/mid/052501.png,바위,null
No.526,기가이어스,https://data1.pokemonkorea.co.kr/newdata/pokedex/mid/052601.png,바위,null
No.527,또르박쥐,https://data1.pokemonkorea.co.kr/newdata/pokedex/mid/052701.png,에스퍼,비행
No.528,맘박쥐,https://data1.pokemonkorea.co.kr/newdata/pokedex/mid/052801.png,에스퍼,비행
No.529,두더류,https://data1.pokemonkorea.co.kr/newdata/pokedex/mid/052901.png,땅,null
No.530,몰드류,https://data1.pokemonkorea.co.kr/newdata/pokedex/mid/053001.png,땅,강철
No.531,다부니,https://data1.pokemonkorea.co.kr/newdata/pokedex/mid/053101.png,노말,null
No.531,메가다부니,https://data1.pokemonkorea.co.kr/newdata/pokedex/mid/053102.png,노말,페어리
No.532,으랏차,https://data1.pokemonkorea.co.kr/newdata/pokedex/mid/053201.png,격투,null
No.533,토쇠골,https://data1.pokemonkorea.co.kr/newdata/pokedex/mid/053301.png,격투,null
No.534,노보청,https://data1.pokemonkorea.co.kr/newdata/pokedex/mid/053401.png,격투,null
No.535,동챙이,https://data1.pokemonkorea.co.kr/newdata/pokedex/mid/053501.png,물,null
No.536,두까비,https://data1.pokemonkorea.co.kr/newdata/pokedex/mid/053601.png,물,땅
No.537,두빅굴,https://data1.pokemonkorea.co.kr/newdata/pokedex/mid/053701.png,물,땅
No.538,던지미,https://data1.pokemonkorea.co.kr/newdata/pokedex/mid/053801.png,격투,null
No.539,타격귀,https://data1.pokemonkorea.co.kr/newdata/pokedex/mid/053901.png,격투,null
No.540,두르보,https://data1.pokemonkorea.co.kr/newdata/pokedex/mid/054001.png,벌레,풀
No.541,두르쿤,https://data1.pokemonkorea.co.kr/newdata/pokedex/mid/054101.png,벌레,풀
No.542,모아머,https://data1.pokemonkorea.co.kr/newdata/pokedex/mid/054201.png,벌레,풀
No.543,마디네,https://data1.pokemonkorea.co.kr/newdata/pokedex/mid/054301.png,벌레,독
No.544,휠구,https://data1.pokemonkorea.co.kr/newdata/pokedex/mid/054401.png,벌레,독
No.545,펜드라,https://data1.pokemonkorea.co.kr/newdata/pokedex/mid/054501.png,벌레,독
No.546,소미안,https://data1.pokemonkorea.co.kr/newdata/pokedex/mid/054601.png,풀,페어리
No.547,엘풍,https://data1.pokemonkorea.co.kr/newdata/pokedex/mid/054701.png,풀,페어리
No.548,치릴리,https://data1.pokemonkorea.co.kr/newdata/pokedex/mid/054801.png,풀,null
No.549,드레디어,https://data1.pokemonkorea.co.kr/newdata/pokedex/mid/054901.png,풀,null
No.550,배쓰나이,https://data1.pokemonkorea.co.kr/newdata/pokedex/mid/055001.png,물,null
No.550,배쓰나이,https://data1.pokemonkorea.co.kr/newdata/pokedex/mid/055002.png,물,null
No.551,깜눈크,https://data1.pokemonkorea.co.kr/newdata/pokedex/mid/055101.png,땅,악
No.552,악비르,https://data1.pokemonkorea.co.kr/newdata/pokedex/mid/055201.png,땅,악
No.553,악비아르,https://data1.pokemonkorea.co.kr/newdata/pokedex/mid/055301.png,땅,악
No.554,달막화,https://data1.pokemonkorea.co.kr/newdata/pokedex/mid/055401.png,불꽃,null
No.554,달막화,https://data1.pokemonkorea.co.kr/newdata/pokedex/mid/055402.png,얼음,null
No.555,불비달마,https://data1.pokemonkorea.co.kr/newdata/pokedex/mid/055501.png,불꽃,null
No.555,불비달마,https://data1.pokemonkorea.co.kr/newdata/pokedex/mid/055502.png,null,null
No.555,불비달마,https://data1.pokemonkorea.co.kr/newdata/pokedex/mid/055503.png,얼음,null
No.555,불비달마,https://data1.pokemonkorea.co.kr/newdata/pokedex/mid/055504.png,얼음,불꽃
No.556,마라카치,https://data1.pokemonkorea.co.kr/newdata/pokedex/mid/055601.png,풀,null
No.557,돌살이,https://data1.pokemonkorea.co.kr/newdata/pokedex/mid/055701.png,벌레,바위
No.558,암팰리스,https://data1.pokemonkorea.co.kr/newdata/pokedex/mid/055801.png,벌레,바위
No.559,곤율랭,https://data1.pokemonkorea.co.kr/newdata/pokedex/mid/055901.png,악,격투
No.560,곤율거니,https://data1.pokemonkorea.co.kr/newdata/pokedex/mid/056001.png,악,격투
No.561,심보러,https://data1.pokemonkorea.co.kr/newdata/pokedex/mid/056101.png,에스퍼,비행
No.562,데스마스,https://data1.pokemonkorea.co.kr/newdata/pokedex/mid/056201.png,고스트,null
No.562,데스마스,https://data1.pokemonkorea.co.kr/newdata/pokedex/mid/056202.png,땅,고스트
No.563,데스니칸,https://data1.pokemonkorea.co.kr/newdata/pokedex/mid/056301.png,고스트,null
No.564,프로토가,https://data1.pokemonkorea.co.kr/newdata/pokedex/mid/056401.png,물,바위
No.565,늑골라,https://data1.pokemonkorea.co.kr/newdata/pokedex/mid/056501.png,물,바위
No.566,아켄,https://data1.pokemonkorea.co.kr/newdata/pokedex/mid/056601.png,바위,비행
No.567,아케오스,https://data1.pokemonkorea.co.kr/newdata/pokedex/mid/056701.png,바위,비행
No.568,깨봉이,https://data1.pokemonkorea.co.kr/newdata/pokedex/mid/056801.png,독,null
No.569,더스트나,https://data1.pokemonkorea.co.kr/newdata/pokedex/mid/056901.png,독,null
No.569,더스트나,https://data1.pokemonkorea.co.kr/newdata/pokedex/mid/056902.png,독,null
No.570,조로아,https://data1.pokemonkorea.co.kr/newdata/pokedex/mid/057001.png,악,null
No.571,조로아크,https://data1.pokemonkorea.co.kr/newdata/pokedex/mid/057101.png,악,null
No.572,치라미,https://data1.pokemonkorea.co.kr/newdata/pokedex/mid/057201.png,노말,null
No.573,치라치노,https://data1.pokemonkorea.co.kr/newdata/pokedex/mid/057301.png,노말,null
No.574,고디탱,https://data1.pokemonkorea.co.kr/newdata/pokedex/mid/057401.png,에스퍼,null
No.575,고디보미,https://data1.pokemonkorea.co.kr/newdata/pokedex/mid/057501.png,에스퍼,null
No.576,고디모아젤,https://data1.pokemonkorea.co.kr/newdata/pokedex/mid/057601.png,에스퍼,null
No.577,유니란,https://data1.pokemonkorea.co.kr/newdata/pokedex/mid/057701.png,에스퍼,null
No.578,듀란,https://data1.pokemonkorea.co.kr/newdata/pokedex/mid/057801.png,에스퍼,null
No.579,란쿨루스,https://data1.pokemonkorea.co.kr/newdata/pokedex/mid/057901.png,에스퍼,null
No.580,꼬지보리,https://data1.pokemonkorea.co.kr/newdata/pokedex/mid/058001.png,물,비행
No.581,스완나,https://data1.pokemonkorea.co.kr/newdata/pokedex/mid/058101.png,물,비행
No.582,바닐프티,https://data1.pokemonkorea.co.kr/newdata/pokedex/mid/058201.png,얼음,null
No.583,바닐리치,https://data1.pokemonkorea.co.kr/newdata/pokedex/mid/058301.png,얼음,null
No.584,배바닐라,https://data1.pokemonkorea.co.kr/newdata/pokedex/mid/058401.png,얼음,null
No.585,사철록,https://data1.pokemonkorea.co.kr/newdata/pokedex/mid/058501.png,노말,풀
No.585,사철록,https://data1.pokemonkorea.co.kr/newdata/pokedex/mid/058502.png,노말,풀
No.585,사철록,https://data1.pokemonkorea.co.kr/newdata/pokedex/mid/058503.png,노말,풀
No.585,사철록,https://data1.pokemonkorea.co.kr/newdata/pokedex/mid/058504.png,노말,풀
No.586,바라철록,https://data1.pokemonkorea.co.kr/newdata/pokedex/mid/058601.png,노말,풀
No.586,바라철록,https://data1.pokemonkorea.co.kr/newdata/pokedex/mid/058602.png,노말,풀
No.586,바라철록,https://data1.pokemonkorea.co.kr/newdata/pokedex/mid/058603.png,노말,풀
No.586,바라철록,https://data1.pokemonkorea.co.kr/newdata/pokedex/mid/058604.png,노말,풀
No.587,에몽가,https://data1.pokemonkorea.co.kr/newdata/pokedex/mid/058701.png,전기,비행
No.588,딱정곤,https://data1.pokemonkorea.co.kr/newdata/pokedex/mid/058801.png,벌레,null
No.589,슈바르고,https://data1.pokemonkorea.co.kr/newdata/pokedex/mid/058901.png,벌레,강철
No.590,깜놀버슬,https://data1.pokemonkorea.co.kr/newdata/pokedex/mid/059001.png,풀,독
No.591,뽀록나,https://data1.pokemonkorea.co.kr/newdata/pokedex/mid/059101.png,풀,독
No.592,탱그릴,https://data1.pokemonkorea.co.kr/newdata/pokedex/mid/059201.png,물,고스트
No.592,탱그릴,https://data1.pokemonkorea.co.kr/newdata/pokedex/mid/059202.png,물,고스트
No.593,탱탱겔,https://data1.pokemonkorea.co.kr/newdata/pokedex/mid/059301.png,물,고스트
No.593,탱탱겔,https://data1.pokemonkorea.co.kr/newdata/pokedex/mid/059302.png,물,고스트
No.594,맘복치,https://data1.pokemonkorea.co.kr/newdata/pokedex/mid/059401.png,물,null
No.595,파쪼옥,https://data1.pokemonkorea.co.kr/newdata/pokedex/mid/059501.png,벌레,전기
No.596,전툴라,https://data1.pokemonkorea.co.kr/newdata/pokedex/mid/059601.png,벌레,전기
No.597,철시드,https://data1.pokemonkorea.co.kr/newdata/pokedex/mid/059701.png,풀,강철
No.598,너트령,https://data1.pokemonkorea.co.kr/newdata/pokedex/mid/059801.png,풀,강철
No.599,기어르,https://data1.pokemonkorea.co.kr/newdata/pokedex/mid/059901.png,강철,null
No.600,기기어르,https://data1.pokemonkorea.co.kr/newdata/pokedex/mid/060001.png,강철,null
No.601,기기기어르,https://data1.pokemonkorea.co.kr/newdata/pokedex/mid/060101.png,강철,null
No.602,저리어,https://data1.pokemonkorea.co.kr/newdata/pokedex/mid/060201.png,전기,null
No.603,저리릴,https://data1.pokemonkorea.co.kr/newdata/pokedex/mid/060301.png,전기,null
No.604,저리더프,https://data1.pokemonkorea.co.kr/newdata/pokedex/mid/060401.png,전기,null
No.605,리그레,https://data1.pokemonkorea.co.kr/newdata/pokedex/mid/060501.png,에스퍼,null
No.606,벰크,https://data1.pokemonkorea.co.kr/newdata/pokedex/mid/060601.png,에스퍼,null
No.607,불켜미,https://data1.pokemonkorea.co.kr/newdata/pokedex/mid/060701.png,고스트,불꽃
No.608,램프라,https://data1.pokemonkorea.co.kr/newdata/pokedex/mid/060801.png,고스트,불꽃
No.609,샹델라,https://data1.pokemonkorea.co.kr/newdata/pokedex/mid/060901.png,고스트,불꽃
No.610,터검니,https://data1.pokemonkorea.co.kr/newdata/pokedex/mid/061001.png,드래곤,null
No.611,액슨도,https://data1.pokemonkorea.co.kr/newdata/pokedex/mid/061101.png,드래곤,null
No.612,액스라이즈,https://data1.pokemonkorea.co.kr/newdata/pokedex/mid/061201.png,드래곤,null
No.613,코고미,https://data1.pokemonkorea.co.kr/newdata/pokedex/mid/061301.png,얼음,null
No.614,툰베어,https://data1.pokemonkorea.co.kr/newdata/pokedex/mid/061401.png,얼음,null
No.615,프리지오,https://data1.pokemonkorea.co.kr/newdata/pokedex/mid/061501.png,얼음,null
No.616,쪼마리,https://data1.pokemonkorea.co.kr/newdata/pokedex/mid/061601.png,벌레,null
No.617,어지리더,https://data1.pokemonkorea.co.kr/newdata/pokedex/mid/061701.png,벌레,null
No.618,메더,https://data1.pokemonkorea.co.kr/newdata/pokedex/mid/061801.png,땅,전기
No.618,메더,https://data1.pokemonkorea.co.kr/newdata/pokedex/mid/061802.png,땅,강철
No.619,비조푸,https://data1.pokemonkorea.co.kr/newdata/pokedex/mid/061901.png,격투,null
No.620,비조도,https://data1.pokemonkorea.co.kr/newdata/pokedex/mid/062001.png,격투,null
No.621,크리만,https://data1.pokemonkorea.co.kr/newdata/pokedex/mid/062101.png,드래곤,null
No.622,골비람,https://data1.pokemonkorea.co.kr/newdata/pokedex/mid/062201.png,땅,고스트
No.623,골루그,https://data1.pokemonkorea.co.kr/newdata/pokedex/mid/062301.png,땅,고스트
No.624,자망칼,https://data1.pokemonkorea.co.kr/newdata/pokedex/mid/062401.png,악,강철
No.625,절각참,https://data1.pokemonkorea.co.kr/newdata/pokedex/mid/062501.png,악,강철
No.626,버프론,https://data1.pokemonkorea.co.kr/newdata/pokedex/mid/062601.png,노말,null
No.627,수리둥보,https://data1.pokemonkorea.co.kr/newdata/pokedex/mid/062701.png,노말,비행
No.628,워글,https://data1.pokemonkorea.co.kr/newdata/pokedex/mid/062801.png,노말,비행
No.629,벌차이,https://data1.pokemonkorea.co.kr/newdata/pokedex/mid/062901.png,악,비행
No.630,버랜지나,https://data1.pokemonkorea.co.kr/newdata/pokedex/mid/063001.png,악,비행
No.631,앤티골,https://data1.pokemonkorea.co.kr/newdata/pokedex/mid/063101.png,불꽃,null
No.632,아이앤트,https://data1.pokemonkorea.co.kr/newdata/pokedex/mid/063201.png,벌레,강철
No.633,모노두,https://data1.pokemonkorea.co.kr/newdata/pokedex/mid/063301.png,악,드래곤
No.634,디헤드,https://data1.pokemonkorea.co.kr/newdata/pokedex/mid/063401.png,악,드래곤
No.635,삼삼드래,https://data1.pokemonkorea.co.kr/newdata/pokedex/mid/063501.png,악,드래곤
No.636,활화르바,https://data1.pokemonkorea.co.kr/newdata/pokedex/mid/063601.png,벌레,불꽃
No.637,불카모스,https://data1.pokemonkorea.co.kr/newdata/pokedex/mid/063701.png,벌레,불꽃
No.638,코바르온,https://data1.pokemonkorea.co.kr/newdata/pokedex/mid/063801.png,강철,격투
No.639,테라키온,https://data1.pokemonkorea.co.kr/newdata/pokedex/mid/063901.png,바위,격투
No.640,비리디온,https://data1.pokemonkorea.co.kr/newdata/pokedex/mid/064001.png,풀,격투
No.641,토네로스,https://data1.pokemonkorea.co.kr/newdata/pokedex/mid/064101.png,비행,null
No.641,토네로스,https://data1.pokemonkorea.co.kr/newdata/pokedex/mid/064102.png,비행,null
No.642,볼트로스,https://data1.pokemonkorea.co.kr/newdata/pokedex/mid/064201.png,전기,비행
No.642,볼트로스,https://data1.pokemonkorea.co.kr/newdata/pokedex/mid/064202.png,전기,비행
No.643,레시라무,https://data1.pokemonkorea.co.kr/newdata/pokedex/mid/064301.png,드래곤,불꽃
No.644,제크로무,https://data1.pokemonkorea.co.kr/newdata/pokedex/mid/064401.png,드래곤,전기
No.645,랜드로스,https://data1.pokemonkorea.co.kr/newdata/pokedex/mid/064501.png,땅,비행
No.645,랜드로스,https://data1.pokemonkorea.co.kr/newdata/pokedex/mid/064502.png,땅,비행
No.646,큐레무,https://data1.pokemonkorea.co.kr/newdata/pokedex/mid/064601.png,드래곤,얼음
No.646,큐레무,https://data1.pokemonkorea.co.kr/newdata/pokedex/mid/064602.png,드래곤,얼음
No.646,큐레무,https://data1.pokemonkorea.co.kr/newdata/pokedex/mid/064603.png,드래곤,얼음
No.647,케르디오,https://data1.pokemonkorea.co.kr/newdata/pokedex/mid/064701.png,물,격투
No.647,케르디오,https://data1.pokemonkorea.co.kr/newdata/pokedex/mid/064702.png,물,격투
No.648,메로엣타,https://data1.pokemonkorea.co.kr/newdata/pokedex/mid/064801.png,노말,에스퍼
No.648,메로엣타,https://data1.pokemonkorea.co.kr/newdata/pokedex/mid/064802.png,노말,격투
No.649,게노세크트,https://data1.pokemonkorea.co.kr/newdata/pokedex/mid/064901.png,벌레,강철
No.650,도치마론,https://data1.pokemonkorea.co.kr/newdata/pokedex/mid/065001.png,풀,null
No.651,도치보구,https://data1.pokemonkorea.co.kr/newdata/pokedex/mid/065101.png,풀,null
No.652,브리가론,https://data1.pokemonkorea.co.kr/newdata/pokedex/mid/065201.png,풀,격투
No.653,푸호꼬,https://data1.pokemonkorea.co.kr/newdata/pokedex/mid/065301.png,불꽃,null
No.654,테르나,https://data1.pokemonkorea.co.kr/newdata/pokedex/mid/065401.png,불꽃,null
No.655,마폭시,https://data1.pokemonkorea.co.kr/newdata/pokedex/mid/065501.png,불꽃,에스퍼
No.656,개구마르,https://data1.pokemonkorea.co.kr/newdata/pokedex/mid/065601.png,물,null
No.657,개굴반장,https://data1.pokemonkorea.co.kr/newdata/pokedex/mid/065701.png,물,null
No.658,개굴닌자,https://data1.pokemonkorea.co.kr/newdata/pokedex/mid/065801.png,물,악
No.659,파르빗,https://data1.pokemonkorea.co.kr/newdata/pokedex/mid/065901.png,노말,null
No.660,파르토,https://data1.pokemonkorea.co.kr/newdata/pokedex/mid/066001.png,노말,땅
No.661,화살꼬빈,https://data1.pokemonkorea.co.kr/newdata/pokedex/mid/066101.png,노말,비행
No.662,불화살빈,https://data1.pokemonkorea.co.kr/newdata/pokedex/mid/066201.png,불꽃,비행
No.663,파이어로,https://data1.pokemonkorea.co.kr/newdata/pokedex/mid/066301.png,불꽃,비행
No.664,분이벌레,https://data1.pokemonkorea.co.kr/newdata/pokedex/mid/066401.png,벌레,null
No.665,분떠도리,https://data1.pokemonkorea.co.kr/newdata/pokedex/mid/066501.png,벌레,null
No.666,비비용,https://data1.pokemonkorea.co.kr/newdata/pokedex/mid/066601.png,벌레,비행
No.667,레오꼬,https://data1.pokemonkorea.co.kr/newdata/pokedex/mid/066701.png,불꽃,노말
No.668,화염레오,https://data1.pokemonkorea.co.kr/newdata/pokedex/mid/066801.png,불꽃,노말
No.668,화염레오,https://data1.pokemonkorea.co.kr/newdata/pokedex/mid/066802.png,불꽃,노말
No.669,플라베베,https://data1.pokemonkorea.co.kr/newdata/pokedex/mid/066901.png,페어리,null
No.670,플라엣테,https://data1.pokemonkorea.co.kr/newdata/pokedex/mid/067001.png,페어리,null
No.671,플라제스,https://data1.pokemonkorea.co.kr/newdata/pokedex/mid/067101.png,페어리,null
No.672,메이클,https://data1.pokemonkorea.co.kr/newdata/pokedex/mid/067201.png,풀,null
No.673,고고트,https://data1.pokemonkorea.co.kr/newdata/pokedex/mid/067301.png,풀,null
No.674,판짱,https://data1.pokemonkorea.co.kr/newdata/pokedex/mid/067401.png,격투,null
No.675,부란다,https://data1.pokemonkorea.co.kr/newdata/pokedex/mid/067501.png,격투,악
No.676,트리미앙,https://data1.pokemonkorea.co.kr/newdata/pokedex/mid/067601.png,노말,null
No.677,냐스퍼,https://data1.pokemonkorea.co.kr/newdata/pokedex/mid/067701.png,에스퍼,null
No.678,냐오닉스,https://data1.pokemonkorea.co.kr/newdata/pokedex/mid/067801.png,에스퍼,null
No.678,냐오닉스,https://data1.pokemonkorea.co.kr/newdata/pokedex/mid/067802.png,에스퍼,null
No.679,단칼빙,https://data1.pokemonkorea.co.kr/newdata/pokedex/mid/067901.png,강철,고스트
No.680,쌍검킬,https://data1.pokemonkorea.co.kr/newdata/pokedex/mid/068001.png,강철,고스트
No.681,킬가르도,https://data1.pokemonkorea.co.kr/newdata/pokedex/mid/068101.png,강철,고스트
No.681,킬가르도,https://data1.pokemonkorea.co.kr/newdata/pokedex/mid/068102.png,강철,고스트
No.682,슈쁘,https://data1.pokemonkorea.co.kr/newdata/pokedex/mid/068201.png,페어리,null
No.683,프레프티르,https://data1.pokemonkorea.co.kr/newdata/pokedex/mid/068301.png,페어리,null
No.684,나룸퍼프,https://data1.pokemonkorea.co.kr/newdata/pokedex/mid/068401.png,페어리,null
No.685,나루림,https://data1.pokemonkorea.co.kr/newdata/pokedex/mid/068501.png,페어리,null
No.686,오케이징,https://data1.pokemonkorea.co.kr/newdata/pokedex/mid/068601.png,악,에스퍼
No.687,칼라마네로,https://data1.pokemonkorea.co.kr/newdata/pokedex/mid/068701.png,악,에스퍼
No.688,거북손손,https://data1.pokemonkorea.co.kr/newdata/pokedex/mid/068801.png,바위,물
No.689,거북손데스,https://data1.pokemonkorea.co.kr/newdata/pokedex/mid/068901.png,바위,물
No.690,수레기,https://data1.pokemonkorea.co.kr/newdata/pokedex/mid/069001.png,독,물
No.691,드래캄,https://data1.pokemonkorea.co.kr/newdata/pokedex/mid/069101.png,독,드래곤
No.692,완철포,https://data1.pokemonkorea.co.kr/newdata/pokedex/mid/069201.png,물,null
No.693,블로스터,https://data1.pokemonkorea.co.kr/newdata/pokedex/mid/069301.png,물,null
No.694,목도리키텔,https://data1.pokemonkorea.co.kr/newdata/pokedex/mid/069401.png,전기,노말
No.695,일레도리자드,https://data1.pokemonkorea.co.kr/newdata/pokedex/mid/069501.png,전기,노말
No.696,티고라스,https://data1.pokemonkorea.co.kr/newdata/pokedex/mid/069601.png,바위,드래곤
No.697,견고라스,https://data1.pokemonkorea.co.kr/newdata/pokedex/mid/069701.png,바위,드래곤
No.698,아마루스,https://data1.pokemonkorea.co.kr/newdata/pokedex/mid/069801.png,바위,얼음
No.699,아마루르가,https://data1.pokemonkorea.co.kr/newdata/pokedex/mid/069901.png,바위,얼음
No.700,님피아,https://data1.pokemonkorea.co.kr/newdata/pokedex/mid/070001.png,페어리,null
No.701,루차불,https://data1.pokemonkorea.co.kr/newdata/pokedex/mid/070101.png,격투,비행
No.702,데덴네,https://data1.pokemonkorea.co.kr/newdata/pokedex/mid/070201.png,전기,페어리
No.703,멜리시,https://data1.pokemonkorea.co.kr/newdata/pokedex/mid/070301.png,바위,페어리
No.704,미끄메라,https://data1.pokemonkorea.co.kr/newdata/pokedex/mid/070401.png,드래곤,null
No.705,미끄네일,https://data1.pokemonkorea.co.kr/newdata/pokedex/mid/070501.png,드래곤,null
No.706,미끄래곤,https://data1.pokemonkorea.co.kr/newdata/pokedex/mid/070601.png,드래곤,null
No.707,클레피,https://data1.pokemonkorea.co.kr/newdata/pokedex/mid/070701.png,강철,페어리
No.708,나목령,https://data1.pokemonkorea.co.kr/newdata/pokedex/mid/070801.png,고스트,풀
No.709,대로트,https://data1.pokemonkorea.co.kr/newdata/pokedex/mid/070901.png,고스트,풀
No.710,호바귀,https://data1.pokemonkorea.co.kr/newdata/pokedex/mid/071001.png,고스트,풀
No.711,펌킨인,https://data1.pokemonkorea.co.kr/newdata/pokedex/mid/071101.png,고스트,풀
No.712,꽁어름,https://data1.pokemonkorea.co.kr/newdata/pokedex/mid/071201.png,얼음,null
No.713,크레베이스,https://data1.pokemonkorea.co.kr/newdata/pokedex/mid/071301.png,얼음,null
No.714,음뱃,https://data1.pokemonkorea.co.kr/newdata/pokedex/mid/071401.png,비행,드래곤
No.715,음번,https://data1.pokemonkorea.co.kr/newdata/pokedex/mid/071501.png,비행,드래곤
No.716,제르네아스,https://data1.pokemonkorea.co.kr/newdata/pokedex/mid/071601.png,페어리,null
No.717,이벨타르,https://data1.pokemonkorea.co.kr/newdata/pokedex/mid/071701.png,악,비행
No.718,지가르데,https://data1.pokemonkorea.co.kr/newdata/pokedex/mid/071801.png,드래곤,땅
No.718,지가르데,https://data1.pokemonkorea.co.kr/newdata/pokedex/mid/071802.png,드래곤,땅
No.718,지가르데,https://data1.pokemonkorea.co.kr/newdata/pokedex/mid/071803.png,드래곤,땅
No.719,디안시,https://data1.pokemonkorea.co.kr/newdata/pokedex/mid/071901.png,바위,페어리
No.719,메가디안시,https://data1.pokemonkorea.co.kr/newdata/pokedex/mid/071902.png,바위,페어리
No.720,후파,https://data1.pokemonkorea.co.kr/newdata/pokedex/mid/072001.png,에스퍼,고스트
No.720,후파,https://data1.pokemonkorea.co.kr/newdata/pokedex/mid/072002.png,에스퍼,악
No.721,볼케니온,https://data1.pokemonkorea.co.kr/newdata/pokedex/mid/072101.png,불꽃,물
No.722,나몰빼미,https://data1.pokemonkorea.co.kr/newdata/pokedex/mid/072201.png,풀,비행
No.723,빼미스로우,https://data1.pokemonkorea.co.kr/newdata/pokedex/mid/072301.png,풀,비행
No.724,모크나이퍼,https://data1.pokemonkorea.co.kr/newdata/pokedex/mid/072401.png,풀,고스트
No.725,냐오불,https://data1.pokemonkorea.co.kr/newdata/pokedex/mid/072501.png,불꽃,null
No.726,냐오히트,https://data1.pokemonkorea.co.kr/newdata/pokedex/mid/072601.png,불꽃,null
No.727,어흥염,https://data1.pokemonkorea.co.kr/newdata/pokedex/mid/072701.png,불꽃,악
No.728,누리공,https://data1.pokemonkorea.co.kr/newdata/pokedex/mid/072801.png,물,null
No.729,키요공,https://data1.pokemonkorea.co.kr/newdata/pokedex/mid/072901.png,물,null
No.730,누리레느,https://data1.pokemonkorea.co.kr/newdata/pokedex/mid/073001.png,물,페어리
No.731,콕코구리,https://data1.pokemonkorea.co.kr/newdata/pokedex/mid/073101.png,노말,비행
No.732,크라파,https://data1.pokemonkorea.co.kr/newdata/pokedex/mid/073201.png,노말,비행
No.733,왕큰부리,https://data1.pokemonkorea.co.kr/newdata/pokedex/mid/073301.png,노말,비행
No.734,영구스,https://data1.pokemonkorea.co.kr/newdata/pokedex/mid/073401.png,노말,null
No.735,형사구스,https://data1.pokemonkorea.co.kr/newdata/pokedex/mid/073501.png,노말,null
No.736,턱지충이,https://data1.pokemonkorea.co.kr/newdata/pokedex/mid/073601.png,벌레,null
No.737,전지충이,https://data1.pokemonkorea.co.kr/newdata/pokedex/mid/073701.png,벌레,전기
No.738,투구뿌논,https://data1.pokemonkorea.co.kr/newdata/pokedex/mid/073801.png,벌레,전기
No.739,오기지게,https://data1.pokemonkorea.co.kr/newdata/pokedex/mid/073901.png,격투,null
No.740,모단단게,https://data1.pokemonkorea.co.kr/newdata/pokedex/mid/074001.png,격투,얼음
No.741,춤추새,https://data1.pokemonkorea.co.kr/newdata/pokedex/mid/074101.png,불꽃,비행
No.741,춤추새,https://data1.pokemonkorea.co.kr/newdata/pokedex/mid/074102.png,전기,비행
No.741,춤추새,https://data1.pokemonkorea.co.kr/newdata/pokedex/mid/074103.png,에스퍼,비행
No.741,춤추새,https://data1.pokemonkorea.co.kr/newdata/pokedex/mid/074104.png,고스트,비행
No.742,에블리,https://data1.pokemonkorea.co.kr/newdata/pokedex/mid/074201.png,벌레,페어리
No.743,에리본,https://data1.pokemonkorea.co.kr/newdata/pokedex/mid/074301.png,벌레,페어리
No.744,암멍이,https://data1.pokemonkorea.co.kr/newdata/pokedex/mid/074401.png,바위,null
No.745,루가루암,https://data1.pokemonkorea.co.kr/newdata/pokedex/mid/074501.png,바위,null
No.745,루가루암,https://data1.pokemonkorea.co.kr/newdata/pokedex/mid/074502.png,바위,null
No.745,루가루암,https://data1.pokemonkorea.co.kr/newdata/pokedex/mid/074503.png,바위,null
No.746,약어리,https://data1.pokemonkorea.co.kr/newdata/pokedex/mid/074601.png,물,null
No.746,약어리,https://data1.pokemonkorea.co.kr/newdata/pokedex/mid/074602.png,물,null
No.747,시마사리,https://data1.pokemonkorea.co.kr/newdata/pokedex/mid/074701.png,독,물
No.748,더시마사리,https://data1.pokemonkorea.co.kr/newdata/pokedex/mid/074801.png,독,물
No.749,머드나기,https://data1.pokemonkorea.co.kr/newdata/pokedex/mid/074901.png,땅,null
No.750,만마드,https://data1.pokemonkorea.co.kr/newdata/pokedex/mid/075001.png,땅,null
No.751,물거미,https://data1.pokemonkorea.co.kr/newdata/pokedex/mid/075101.png,물,벌레
No.752,깨비물거미,https://data1.pokemonkorea.co.kr/newdata/pokedex/mid/075201.png,물,벌레
No.753,짜랑랑,https://data1.pokemonkorea.co.kr/newdata/pokedex/mid/075301.png,풀,null
No.754,라란티스,https://data1.pokemonkorea.co.kr/newdata/pokedex/mid/075401.png,풀,null
No.755,자마슈,https://data1.pokemonkorea.co.kr/newdata/pokedex/mid/075501.png,풀,페어리
No.756,마셰이드,https://data1.pokemonkorea.co.kr/newdata/pokedex/mid/075601.png,풀,페어리
No.757,야도뇽,https://data1.pokemonkorea.co.kr/newdata/pokedex/mid/075701.png,독,불꽃
No.758,염뉴트,https://data1.pokemonkorea.co.kr/newdata/pokedex/mid/075801.png,독,불꽃
No.759,포곰곰,https://data1.pokemonkorea.co.kr/newdata/pokedex/mid/075901.png,노말,격투
No.760,이븐곰,https://data1.pokemonkorea.co.kr/newdata/pokedex/mid/076001.png,노말,격투
No.761,달콤아,https://data1.pokemonkorea.co.kr/newdata/pokedex/mid/076101.png,풀,null
No.762,달무리나,https://data1.pokemonkorea.co.kr/newdata/pokedex/mid/076201.png,풀,null
No.763,달코퀸,https://data1.pokemonkorea.co.kr/newdata/pokedex/mid/076301.png,풀,null
No.764,큐아링,https://data1.pokemonkorea.co.kr/newdata/pokedex/mid/076401.png,페어리,null
No.765,하랑우탄,https://data1.pokemonkorea.co.kr/newdata/pokedex/mid/076501.png,노말,에스퍼
No.766,내던숭이,https://data1.pokemonkorea.co.kr/newdata/pokedex/mid/076601.png,격투,null
No.767,꼬시레,https://data1.pokemonkorea.co.kr/newdata/pokedex/mid/076701.png,벌레,물
No.768,갑주무사,https://data1.pokemonkorea.co.kr/newdata/pokedex/mid/076801.png,벌레,물
No.769,모래꿍,https://data1.pokemonkorea.co.kr/newdata/pokedex/mid/076901.png,고스트,땅
No.770,모래성이당,https://data1.pokemonkorea.co.kr/newdata/pokedex/mid/077001.png,고스트,땅
No.771,해무기,https://data1.pokemonkorea.co.kr/newdata/pokedex/mid/077101.png,물,null
No.772,타입:널,https://data1.pokemonkorea.co.kr/newdata/pokedex/mid/077201.png,노말,null
No.773,실버디,https://data1.pokemonkorea.co.kr/newdata/pokedex/mid/077301.png,노말,null
No.774,메테노,https://data1.pokemonkorea.co.kr/newdata/pokedex/mid/077401.png,바위,비행
No.774,메테노,https://data1.pokemonkorea.co.kr/newdata/pokedex/mid/077402.png,바위,비행
No.775,자말라,https://data1.pokemonkorea.co.kr/newdata/pokedex/mid/077501.png,노말,null
No.776,폭거북스,https://data1.pokemonkorea.co.kr/newdata/pokedex/mid/077601.png,불꽃,드래곤
No.777,토게데마루,https://data1.pokemonkorea.co.kr/newdata/pokedex/mid/077701.png,전기,강철
No.778,따라큐,https://data1.pokemonkorea.co.kr/newdata/pokedex/mid/077801.png,고스트,페어리
No.779,치갈기,https://data1.pokemonkorea.co.kr/newdata/pokedex/mid/077901.png,물,에스퍼
No.780,할비롱,https://data1.pokemonkorea.co.kr/newdata/pokedex/mid/078001.png,노말,드래곤
No.781,타타륜,https://data1.pokemonkorea.co.kr/newdata/pokedex/mid/078101.png,고스트,풀
No.782,짜랑꼬,https://data1.pokemonkorea.co.kr/newdata/pokedex/mid/078201.png,드래곤,null
No.783,짜랑고우,https://data1.pokemonkorea.co.kr/newdata/pokedex/mid/078301.png,드래곤,격투
No.784,짜랑고우거,https://data1.pokemonkorea.co.kr/newdata/pokedex/mid/078401.png,드래곤,격투
No.785,카푸꼬꼬꼭,https://data1.pokemonkorea.co.kr/newdata/pokedex/mid/078501.png,전기,페어리
No.786,카푸나비나,https://data1.pokemonkorea.co.kr/newdata/pokedex/mid/078601.png,에스퍼,페어리
No.787,카푸브루루,https://data1.pokemonkorea.co.kr/newdata/pokedex/mid/078701.png,풀,페어리
No.788,카푸느지느,https://data1.pokemonkorea.co.kr/newdata/pokedex/mid/078801.png,물,페어리
No.789,코스모그,https://data1.pokemonkorea.co.kr/newdata/pokedex/mid/078901.png,에스퍼,null
No.790,코스모움,https://data1.pokemonkorea.co.kr/newdata/pokedex/mid/079001.png,에스퍼,null
No.791,솔가레오,https://data1.pokemonkorea.co.kr/newdata/pokedex/mid/079101.png,에스퍼,강철
No.792,루나아라,https://data1.pokemonkorea.co.kr/newdata/pokedex/mid/079201.png,에스퍼,고스트
No.793,텅비드,https://data1.pokemonkorea.co.kr/newdata/pokedex/mid/079301.png,바위,독
No.794,매시붕,https://data1.pokemonkorea.co.kr/newdata/pokedex/mid/079401.png,벌레,격투
No.795,페로코체,https://data1.pokemonkorea.co.kr/newdata/pokedex/mid/079501.png,벌레,격투
No.796,전수목,https://data1.pokemonkorea.co.kr/newdata/pokedex/mid/079601.png,전기,null
No.797,철화구야,https://data1.pokemonkorea.co.kr/newdata/pokedex/mid/079701.png,강철,비행
No.798,종이신도,https://data1.pokemonkorea.co.kr/newdata/pokedex/mid/079801.png,풀,강철
No.799,악식킹,https://data1.pokemonkorea.co.kr/newdata/pokedex/mid/079901.png,악,드래곤
No.800,네크로즈마,https://data1.pokemonkorea.co.kr/newdata/pokedex/mid/080001.png,에스퍼,null
No.800,네크로즈마,https://data1.pokemonkorea.co.kr/newdata/pokedex/mid/080002.png,에스퍼,강철
No.800,네크로즈마,https://data1.pokemonkorea.co.kr/newdata/pokedex/mid/080003.png,에스퍼,고스트
No.800,네크로즈마,https://data1.pokemonkorea.co.kr/newdata/pokedex/mid/080004.png,에스퍼,드래곤
No.801,마기아나,https://data1.pokemonkorea.co.kr/newdata/pokedex/mid/080101.png,강철,페어리
No.802,마샤도,https://data1.pokemonkorea.co.kr/newdata/pokedex/mid/080201.png,격투,고스트
No.803,베베놈,https://data1.pokemonkorea.co.kr/newdata/pokedex/mid/080301.png,독,null
No.804,아고용,https://data1.pokemonkorea.co.kr/newdata/pokedex/mid/080401.png,독,드래곤
No.805,차곡차곡,https://data1.pokemonkorea.co.kr/newdata/pokedex/mid/080501.png,바위,강철
No.806,두파팡,https://data1.pokemonkorea.co.kr/newdata/pokedex/mid/080601.png,불꽃,고스트
No.807,제라오라,https://data1.pokemonkorea.co.kr/newdata/pokedex/mid/080701.png,전기,null
No.808,멜탄,https://data1.pokemonkorea.co.kr/newdata/pokedex/mid/080801.png,강철,null
No.809,멜메탈,https://data1.pokemonkorea.co.kr/newdata/pokedex/mid/080901.png,강철,null
No.810,흥나숭,https://data1.pokemonkorea.co.kr/newdata/pokedex/mid/081001.png,풀,null
No.811,채키몽,https://data1.pokemonkorea.co.kr/newdata/pokedex/mid/081101.png,풀,null
No.812,고릴타,https://data1.pokemonkorea.co.kr/newdata/pokedex/mid/081201.png,풀,null
No.812,고릴타,https://data1.pokemonkorea.co.kr/newdata/pokedex/mid/081202.png,풀,null
No.813,염버니,https://data1.pokemonkorea.co.kr/newdata/pokedex/mid/081301.png,불꽃,null
No.814,래비풋,https://data1.pokemonkorea.co.kr/newdata/pokedex/mid/081401.png,불꽃,null
No.815,에이스번,https://data1.pokemonkorea.co.kr/newdata/pokedex/mid/081501.png,불꽃,null
No.815,에이스번,https://data1.pokemonkorea.co.kr/newdata/pokedex/mid/081502.png,불꽃,null
No.816,울머기,https://data1.pokemonkorea.co.kr/newdata/pokedex/mid/081601.png,물,null
No.817,누겔레온,https://data1.pokemonkorea.co.kr/newdata/pokedex/mid/081701.png,물,null
No.818,인텔리레온,https://data1.pokemonkorea.co.kr/newdata/pokedex/mid/081801.png,물,null
No.818,인텔리레온,https://data1.pokemonkorea.co.kr/newdata/pokedex/mid/081802.png,물,null
No.819,탐리스,https://data1.pokemonkorea.co.kr/newdata/pokedex/mid/081901.png,노말,null
No.820,요씽리스,https://data1.pokemonkorea.co.kr/newdata/pokedex/mid/082001.png,노말,null
No.821,파라꼬,https://data1.pokemonkorea.co.kr/newdata/pokedex/mid/082101.png,비행,null
No.822,파크로우,https://data1.pokemonkorea.co.kr/newdata/pokedex/mid/082201.png,비행,null
No.823,아머까오,https://data1.pokemonkorea.co.kr/newdata/pokedex/mid/082301.png,비행,강철
No.823,아머까오,https://data1.pokemonkorea.co.kr/newdata/pokedex/mid/082302.png,비행,강철
No.824,두루지벌레,https://data1.pokemonkorea.co.kr/newdata/pokedex/mid/082401.png,벌레,null
No.825,레돔벌레,https://data1.pokemonkorea.co.kr/newdata/pokedex/mid/082501.png,벌레,에스퍼
No.826,이올브,https://data1.pokemonkorea.co.kr/newdata/pokedex/mid/082601.png,벌레,에스퍼
No.826,이올브,https://data1.pokemonkorea.co.kr/newdata/pokedex/mid/082602.png,벌레,에스퍼
No.827,훔처우,https://data1.pokemonkorea.co.kr/newdata/pokedex/mid/082701.png,악,null
No.828,폭슬라이,https://data1.pokemonkorea.co.kr/newdata/pokedex/mid/082801.png,악,null
No.829,꼬모카,https://data1.pokemonkorea.co.kr/newdata/pokedex/mid/082901.png,풀,null
No.830,백솜모카,https://data1.pokemonkorea.co.kr/newdata/pokedex/mid/083001.png,풀,null
No.831,우르,https://data1.pokemonkorea.co.kr/newdata/pokedex/mid/083101.png,노말,null
No.832,배우르,https://data1.pokemonkorea.co.kr/newdata/pokedex/mid/083201.png,노말,null
No.833,깨물부기,https://data1.pokemonkorea.co.kr/newdata/pokedex/mid/083301.png,물,null
No.834,갈가부기,https://data1.pokemonkorea.co.kr/newdata/pokedex/mid/083401.png,물,바위
No.834,갈가부기,https://data1.pokemonkorea.co.kr/newdata/pokedex/mid/083402.png,물,바위
No.835,멍파치,https://data1.pokemonkorea.co.kr/newdata/pokedex/mid/083501.png,전기,null
No.836,펄스멍,https://data1.pokemonkorea.co.kr/newdata/pokedex/mid/083601.png,전기,null
No.837,탄동,https://data1.pokemonkorea.co.kr/newdata/pokedex/mid/083701.png,바위,null
No.838,탄차곤,https://data1.pokemonkorea.co.kr/newdata/pokedex/mid/083801.png,바위,불꽃
No.839,석탄산,https://data1.pokemonkorea.co.kr/newdata/pokedex/mid/083901.png,바위,불꽃
No.839,석탄산,https://data1.pokemonkorea.co.kr/newdata/pokedex/mid/083902.png,바위,불꽃
No.840,과사삭벌레,https://data1.pokemonkorea.co.kr/newdata/pokedex/mid/084001.png,풀,드래곤
No.841,애프룡,https://data1.pokemonkorea.co.kr/newdata/pokedex/mid/084101.png,풀,드래곤
No.841,애프룡,https://data1.pokemonkorea.co.kr/newdata/pokedex/mid/084102.png,풀,드래곤
No.842,단지래플,https://data1.pokemonkorea.co.kr/newdata/pokedex/mid/084201.png,풀,드래곤
No.842,단지래플,https://data1.pokemonkorea.co.kr/newdata/pokedex/mid/084202.png,풀,드래곤
No.843,모래뱀,https://data1.pokemonkorea.co.kr/newdata/pokedex/mid/084301.png,땅,null
No.844,사다이사,https://data1.pokemonkorea.co.kr/newdata/pokedex/mid/084401.png,땅,null
No.844,사다이사,https://data1.pokemonkorea.co.kr/newdata/pokedex/mid/084402.png,땅,null
No.845,윽우지,https://data1.pokemonkorea.co.kr/newdata/pokedex/mid/084501.png,비행,물
No.846,찌로꼬치,https://data1.pokemonkorea.co.kr/newdata/pokedex/mid/084601.png,물,null
No.847,꼬치조,https://data1.pokemonkorea.co.kr/newdata/pokedex/mid/084701.png,물,null
No.848,일레즌,https://data1.pokemonkorea.co.kr/newdata/pokedex/mid/084801.png,전기,독
No.849,스트린더,https://data1.pokemonkorea.co.kr/newdata/pokedex/mid/084901.png,전기,독
No.849,스트린더,https://data1.pokemonkorea.co.kr/newdata/pokedex/mid/084902.png,전기,독
No.849,스트린더,https://data1.pokemonkorea.co.kr/newdata/pokedex/mid/084903.png,전기,독
No.849,스트린더,https://data1.pokemonkorea.co.kr/newdata/pokedex/mid/084904.png,전기,독
No.850,태우지네,https://data1.pokemonkorea.co.kr/newdata/pokedex/mid/085001.png,불꽃,벌레
No.851,다태우지네,https://data1.pokemonkorea.co.kr/newdata/pokedex/mid/085101.png,불꽃,벌레
No.851,다태우지네,https://data1.pokemonkorea.co.kr/newdata/pokedex/mid/085102.png,불꽃,벌레
No.852,때때무노,https://data1.pokemonkorea.co.kr/newdata/pokedex/mid/085201.png,격투,null
No.853,케오퍼스,https://data1.pokemonkorea.co.kr/newdata/pokedex/mid/085301.png,격투,null
No.854,데인차,https://data1.pokemonkorea.co.kr/newdata/pokedex/mid/085401.png,고스트,null
No.854,데인차,https://data1.pokemonkorea.co.kr/newdata/pokedex/mid/085402.png,고스트,null
No.855,포트데스,https://data1.pokemonkorea.co.kr/newdata/pokedex/mid/085501.png,고스트,null
No.855,포트데스,https://data1.pokemonkorea.co.kr/newdata/pokedex/mid/085502.png,고스트,null
No.856,몸지브림,https://data1.pokemonkorea.co.kr/newdata/pokedex/mid/085601.png,에스퍼,null
No.857,손지브림,https://data1.pokemonkorea.co.kr/newdata/pokedex/mid/085701.png,에스퍼,null
No.858,브리무음,https://data1.pokemonkorea.co.kr/newdata/pokedex/mid/085801.png,에스퍼,페어리
No.858,브리무음,https://data1.pokemonkorea.co.kr/newdata/pokedex/mid/085802.png,에스퍼,페어리
No.859,메롱꿍,https://data1.pokemonkorea.co.kr/newdata/pokedex/mid/085901.png,악,페어리
No.860,쏘겨모,https://data1.pokemonkorea.co.kr/newdata/pokedex/mid/086001.png,악,페어리
No.861,오롱털,https://data1.pokemonkorea.co.kr/newdata/pokedex/mid/086101.png,악,페어리
No.861,오롱털,https://data1.pokemonkorea.co.kr/newdata/pokedex/mid/086102.png,악,페어리
No.862,가로막구리,https://data1.pokemonkorea.co.kr/newdata/pokedex/mid/086201.png,악,노말
No.863,나이킹,https://data1.pokemonkorea.co.kr/newdata/pokedex/mid/086301.png,강철,null
No.864,산호르곤,https://data1.pokemonkorea.co.kr/newdata/pokedex/mid/086401.png,고스트,null
No.865,창파나이트,https://data1.pokemonkorea.co.kr/newdata/pokedex/mid/086501.png,격투,null
No.866,마임꽁꽁,https://data1.pokemonkorea.co.kr/newdata/pokedex/mid/086601.png,얼음,에스퍼
No.867,데스판,https://data1.pokemonkorea.co.kr/newdata/pokedex/mid/086701.png,땅,고스트
No.868,마빌크,https://data1.pokemonkorea.co.kr/newdata/pokedex/mid/086801.png,페어리,null
No.869,마휘핑,https://data1.pokemonkorea.co.kr/newdata/pokedex/mid/086901.png,페어리,null
No.869,마휘핑,https://data1.pokemonkorea.co.kr/newdata/pokedex/mid/086902.png,페어리,null
No.870,대여르,https://data1.pokemonkorea.co.kr/newdata/pokedex/mid/087001.png,격투,null
No.871,찌르성게,https://data1.pokemonkorea.co.kr/newdata/pokedex/mid/087101.png,전기,null
No.872,누니머기,https://data1.pokemonkorea.co.kr/newdata/pokedex/mid/087201.png,얼음,벌레
No.873,모스노우,https://data1.pokemonkorea.co.kr/newdata/pokedex/mid/087301.png,얼음,벌레
No.874,돌헨진,https://data1.pokemonkorea.co.kr/newdata/pokedex/mid/087401.png,바위,null
No.875,빙큐보,https://data1.pokemonkorea.co.kr/newdata/pokedex/mid/087501.png,얼음,null
No.875,빙큐보,https://data1.pokemonkorea.co.kr/newdata/pokedex/mid/087502.png,얼음,null
No.876,에써르,https://data1.pokemonkorea.co.kr/newdata/pokedex/mid/087601.png,에스퍼,노말
No.876,에써르,https://data1.pokemonkorea.co.kr/newdata/pokedex/mid/087602.png,에스퍼,노말
No.877,모르페코,https://data1.pokemonkorea.co.kr/newdata/pokedex/mid/087701.png,전기,악
No.877,모르페코,https://data1.pokemonkorea.co.kr/newdata/pokedex/mid/087702.png,전기,악
No.878,끼리동,https://data1.pokemonkorea.co.kr/newdata/pokedex/mid/087801.png,강철,null
No.879,대왕끼리동,https://data1.pokemonkorea.co.kr/newdata/pokedex/mid/087901.png,강철,null
No.879,대왕끼리동,https://data1.pokemonkorea.co.kr/newdata/pokedex/mid/087902.png,강철,null
No.880,파치래곤,https://data1.pokemonkorea.co.kr/newdata/pokedex/mid/088001.png,전기,드래곤
No.881,파치르돈,https://data1.pokemonkorea.co.kr/newdata/pokedex/mid/088101.png,전기,얼음
No.882,어래곤,https://data1.pokemonkorea.co.kr/newdata/pokedex/mid/088201.png,물,드래곤
No.883,어치르돈,https://data1.pokemonkorea.co.kr/newdata/pokedex/mid/088301.png,물,얼음
No.884,두랄루돈,https://data1.pokemonkorea.co.kr/newdata/pokedex/mid/088401.png,강철,드래곤
No.884,두랄루돈,https://data1.pokemonkorea.co.kr/newdata/pokedex/mid/088402.png,강철,드래곤
No.885,드라꼰,https://data1.pokemonkorea.co.kr/newdata/pokedex/mid/088501.png,드래곤,고스트
No.886,드래런치,https://data1.pokemonkorea.co.kr/newdata/pokedex/mid/088601.png,드래곤,고스트
No.887,드래펄트,https://data1.pokemonkorea.co.kr/newdata/pokedex/mid/088701.png,드래곤,고스트
No.888,자시안,https://data1.pokemonkorea.co.kr/newdata/pokedex/mid/088801.png,페어리,null
No.888,자시안,https://data1.pokemonkorea.co.kr/newdata/pokedex/mid/088802.png,페어리,강철
No.889,자마젠타,https://data1.pokemonkorea.co.kr/newdata/pokedex/mid/088901.png,격투,null
No.889,자마젠타,https://data1.pokemonkorea.co.kr/newdata/pokedex/mid/088902.png,격투,강철
No.890,무한다이노,https://data1.pokemonkorea.co.kr/newdata/pokedex/mid/089001.png,독,드래곤
No.891,치고마,https://data1.pokemonkorea.co.kr/newdata/pokedex/mid/089101.png,격투,null
No.892,우라오스,https://data1.pokemonkorea.co.kr/newdata/pokedex/mid/089201.png,격투,악
No.892,우라오스,https://data1.pokemonkorea.co.kr/newdata/pokedex/mid/089202.png,격투,물
No.892,우라오스,https://data1.pokemonkorea.co.kr/newdata/pokedex/mid/089203.png,격투,악
No.892,우라오스,https://data1.pokemonkorea.co.kr/newdata/pokedex/mid/089204.png,격투,물
No.893,자루도,https://data1.pokemonkorea.co.kr/newdata/pokedex/mid/089301.png,악,풀
No.894,레지에레키,https://data1.pokemonkorea.co.kr/newdata/pokedex/mid/089401.png,전기,null
No.895,레지드래고,https://data1.pokemonkorea.co.kr/newdata/pokedex/mid/089501.png,드래곤,null
No.896,블리자포스,https://data1.pokemonkorea.co.kr/newdata/pokedex/mid/089601.png,얼음,null
No.897,레이스포스,https://data1.pokemonkorea.co.kr/newdata/pokedex/mid/089701.png,고스트,null
No.898,버드렉스,https://data1.pokemonkorea.co.kr/newdata/pokedex/mid/089801.png,에스퍼,풀
No.898,버드렉스,https://data1.pokemonkorea.co.kr/newdata/pokedex/mid/089802.png,에스퍼,얼음
No.898,버드렉스,https://data1.pokemonkorea.co.kr/newdata/pokedex/mid/089803.png,에스퍼,고스트
